config,seed,success,category,init_x,init_y,final_x,final_y,final_z,frame_x,frame_y,frame_z,xy_dist,z_margin,max_lift_delta,lifted_ever,success_ever,final_phase
base_no_residual,20001,False,pick_lift_fail,0.486226970803375,0.035360820362034036,0.4829519108732702,0.04079214394658025,1.0249931689659983,0.47,0.15,1.005,0.10997321409804109,0.019993168965998454,0.001888031040485405,False,False,move_preplace
base_no_residual,20002,True,success,0.5505745377918965,-0.05738409797493881,0.488983359613501,0.1608343887960738,1.0348922445797921,0.47,0.15,1.005,0.021857536979266234,0.029892244579792226,0.1068848105486182,True,True,done
base_no_residual,20003,True,success,0.5112793740987902,-0.010426723930367088,0.48472953678335334,0.14988108516626722,1.0348922445665931,0.47,0.15,1.005,0.014730016788511872,0.02989224456659323,0.10638773654982048,True,True,done
base_no_residual,20004,False,pick_lift_fail,0.5387775185472695,0.016919749131488287,0.6100862817103452,-0.11315041412633936,1.0249931689659983,0.47,0.15,1.005,0.2981145866580401,0.019993168965998454,0.013700957730281127,False,False,move_release
base_no_residual,20005,True,success,0.5145599115624737,-0.025034387981481273,0.4813438938896715,0.1538344553409502,1.0348922445796807,0.47,0.15,1.005,0.011974430105097656,0.02989224457968076,0.10619949206643886,True,True,done
base_no_residual,20006,True,success,0.4975161176560531,-0.05151234907797297,0.48461214712211653,0.14538422328567147,1.0348922445761444,0.47,0.15,1.005,0.01532384541147935,0.029892244576144478,0.10880684055674528,True,True,done
base_no_residual,20007,True,success,0.553579563569466,-0.034598744639487485,0.4830954597962364,0.13999588522928685,1.0348922442366613,0.47,0.15,1.005,0.01647948359689847,0.02989224423666137,0.11313598717150186,True,True,done
base_no_residual,20008,True,success,0.5631813414527421,0.0200303831571985,0.4885445591762272,0.16265314012902377,1.0348922445797122,0.47,0.15,1.005,0.02245000289900437,0.02989224457971229,0.10981697806128854,True,True,done
base_no_residual,20009,True,success,0.5114806110968011,-0.013607194573201514,0.481333177311412,0.14797712967645432,1.0348922445742292,0.47,0.15,1.005,0.011512293964183955,0.029892244574229343,0.11070823455788092,True,True,done
base_no_residual,20010,True,success,0.5416882582579333,-0.04951968339696892,0.4902439665720801,0.15076612857126612,1.0348922445797606,0.47,0.15,1.005,0.020258458370744973,0.029892244579760696,0.1036302297172722,True,True,done
base_no_residual,20011,True,success,0.4879607240099943,-0.02648276548331414,0.4812667817178606,0.153210413224095,1.034892244577105,0.47,0.15,1.005,0.01171525174067387,0.029892244577105043,0.10419910739785543,True,True,done
base_no_residual,20012,True,success,0.4827787657672737,-0.01874352746872062,0.4734567607367809,0.15124916787805603,1.0348922445702287,0.47,0.15,1.005,0.003675542841393252,0.029892244570228765,0.10158012994297705,True,True,done
base_no_residual,20013,True,success,0.5524741676709732,0.03559140975267427,0.5021637083459406,0.17281398755087396,1.0348922445797804,0.47,0.15,1.005,0.039433262134068524,0.029892244579780458,0.10188409668522969,True,True,done
base_no_residual,20014,True,success,0.5539767445600826,-0.012172428418734112,0.48489995976946654,0.1506590173166913,1.0348922445727207,0.47,0.15,1.005,0.014914526642016538,0.029892244572720772,0.11627936251149729,True,True,done
base_no_residual,20015,False,pick_lift_fail,0.5345723332486214,0.039414843443562754,0.5007995614691296,0.05086524099636024,1.0249931689659983,0.47,0.15,1.005,0.10380902383415629,0.019993168965998454,0.007757946735529542,False,False,done
base_no_residual,20016,True,success,0.5196210099979939,-0.0554805518433347,0.4892957709818368,0.16160212539697136,1.0348922445775195,0.47,0.15,1.005,0.022515241315840786,0.0298922445775196,0.1003266940756582,True,True,done
base_no_residual,20017,True,success,0.5216274558748167,0.021871633923301725,0.4647774628373534,0.16874418509994252,1.0348921712025267,0.47,0.15,1.005,0.019458144039864952,0.02989217120252685,0.10928968853921739,True,True,done
base_no_residual,20018,True,success,0.5153876303002997,-0.006235182375920769,0.4811302612830075,0.1557239029637521,1.0348922445788018,0.47,0.15,1.005,0.012515821242190493,0.029892244578801908,0.10748672237713874,True,True,done
base_no_residual,20019,True,success,0.4896965211600334,-0.014717370932963238,0.4827559119746936,0.15861348434695127,1.0348922445728523,0.47,0.15,1.005,0.015391731640764355,0.029892244572852444,0.0990777902019171,True,True,done
base_no_residual,20020,True,success,0.5134650170102072,0.006615026403199064,0.48023638594391743,0.16421501759715784,1.0348922445604989,0.47,0.15,1.005,0.017517143673565567,0.029892244560498993,0.10277281494627943,True,True,done
base_no_residual,20021,True,success,0.4991980901256954,-0.022231183648717436,0.48182271980523533,0.15796919938835058,1.0348922445788837,0.47,0.15,1.005,0.014257799356295899,0.029892244578883842,0.10052792234301178,True,True,done
base_no_residual,20022,True,success,0.5217388845850612,0.03211523437108114,0.49483307835554885,0.1734732371161713,1.0348922445788198,0.47,0.15,1.005,0.03417125460565989,0.029892244578819893,0.11570136392807018,True,True,done
base_no_residual,20023,True,success,0.5511715956754867,0.03614689069950656,0.4998037817170144,0.1633514753774084,1.0348922445796374,0.47,0.15,1.005,0.032657729550429344,0.02989224457963746,0.09938745493944534,True,True,done
base_no_residual,20024,False,pick_lift_fail,0.4817351864766834,0.04681249650851919,0.49237432073885984,0.04168025386210338,1.0249931689659983,0.47,0.15,1.005,0.11060640863848596,0.019993168965998454,0.0030826538127359804,False,False,move_preplace
base_no_residual,20025,True,success,0.5220418002900109,-0.045397109042044505,0.4894518288744069,0.14187545612225344,1.034892244127577,0.47,0.15,1.005,0.021080366689899883,0.029892244127577072,0.10583209959406492,True,True,done
base_no_residual,20026,True,success,0.5096079359959667,0.010749883849055564,0.4876861884403916,0.1529351396505039,1.0348922445707942,0.47,0.15,1.005,0.01792808707913373,0.029892244570794313,0.10670168410312897,True,True,done
base_no_residual,20027,True,success,0.5213486785792165,0.0016679306057490427,0.476266319528145,0.15540034751971243,1.0348922444900914,0.47,0.15,1.005,0.008272273796392154,0.029892244490091535,0.12081218208453448,True,True,done
base_no_residual,20028,True,success,0.4962405961783344,0.019281531345244667,0.48479776840367267,0.1536609142343745,1.0348922445772089,0.47,0.15,1.005,0.015243891982042507,0.02989224457720896,0.10413844959869056,True,True,done
base_no_residual,20029,True,success,0.49293833197632814,-0.04737600355976009,0.4838588825208494,0.14600576129968457,1.0348922445793982,0.47,0.15,1.005,0.014422987468683576,0.02989224457939832,0.10776107761099407,True,True,done
base_no_residual,20030,True,success,0.51245364827356,0.006822542829768349,0.48089707328516557,0.1518411015185005,1.0348922445796744,0.47,0.15,1.005,0.01105150944367757,0.029892244579674543,0.10638302620390916,True,True,done
base_no_residual,20031,True,success,0.5497571934389812,0.021979332413977478,0.4836832780640159,0.1609244762696076,1.0348922445794766,0.47,0.15,1.005,0.017509319813813415,0.0298922445794767,0.11432028435279418,True,True,done
base_no_residual,20032,True,success,0.5099871626071145,-0.031955100136249755,0.4805170374126783,0.16732938986198131,1.0348922430829384,0.47,0.15,1.005,0.020271058900023377,0.029892243082938474,0.10359817020657291,True,True,done
base_no_residual,20033,True,success,0.5362543194201437,-0.02708771601743008,0.4835697802872289,0.14831347527642075,1.034892244556516,0.47,0.15,1.005,0.013674183803317518,0.02989224455651618,0.10617458319232709,True,True,done
base_no_residual,20034,True,success,0.4800301736155342,-0.004286986081570545,0.4824892786336297,0.16053848260551185,1.0348922445764668,0.47,0.15,1.005,0.016341410478141614,0.029892244576466886,0.10344623274877818,True,True,done
base_no_residual,20035,True,success,0.537426650932211,-0.027525271189875963,0.4848806924084111,0.1481725881213444,1.034892244579264,0.47,0.15,1.005,0.01499247947232197,0.029892244579264204,0.10584879341246012,True,True,done
base_no_residual,20036,False,pick_lift_fail,0.5457252335243907,0.055752990589755205,0.5609088793028775,0.05191313704755257,1.0249931689659983,0.47,0.15,1.005,0.13373652089073257,0.019993168965998454,0.003227919908535437,False,False,move_preplace
base_no_residual,20037,True,success,0.5695127371383416,-0.02312053544436701,0.49128710185344204,0.15290247554071473,1.0348922445716993,0.47,0.15,1.005,0.021484065480799116,0.029892244571699367,0.11197461372652029,True,True,done
base_no_residual,20038,True,success,0.5544468399763994,-0.045968247112806594,0.48418454216444184,0.15931339485014834,1.0348922445795559,0.47,0.15,1.005,0.016968811391773996,0.02989224457955597,0.11012567935382678,True,True,done
base_no_residual,20039,True,success,0.5565295086690115,0.002977035369992911,0.48108037382587976,0.15639086195938723,1.0348922445797488,0.47,0.15,1.005,0.012791317395217144,0.029892244579748928,0.10644793308566891,True,True,done
base_no_residual,20040,True,success,0.5575023141181821,-0.0022291377679949337,0.4829267593093675,0.16768602731322685,1.0348922445790052,0.47,0.15,1.005,0.02190654396217091,0.0298922445790053,0.11407028174626288,True,True,done
base_no_residual,20041,False,pick_lift_fail,0.5609036899408797,0.04414055807859752,0.5698037766504556,0.039311848848834235,1.0249931689659983,0.47,0.15,1.005,0.1490391245242582,0.019993168965998454,4.918372434925544e-05,False,False,move_preplace
base_no_residual,20042,True,success,0.5489073035221895,-0.030360582020551367,0.4842161851776575,0.15324646972530856,1.0348922445797673,0.47,0.15,1.005,0.014582163305998024,0.029892244579767357,0.10676643716572554,True,True,done
base_no_residual,20043,True,success,0.5319144504624543,-0.008417087974580219,0.48362175536731644,0.15589556420198256,1.0348922445777335,0.47,0.15,1.005,0.014842839908410833,0.02989224457773365,0.11091319801998045,True,True,done
base_no_residual,20044,True,success,0.5309950838798909,-0.03231401313391622,0.48288594697072784,0.1619096783913651,1.0348922445725424,0.47,0.15,1.005,0.01754673954665538,0.02989224457254247,0.10598972032134446,True,True,done
base_no_residual,20045,True,success,0.4907573739237498,-0.035620240259842444,0.48178378063273025,0.14363165177771345,1.0348922441517119,0.47,0.15,1.005,0.013394526683709634,0.02989224415171199,0.0949353983836223,True,True,done
base_no_residual,20046,True,success,0.4998740576035798,-0.032697751389226655,0.4835540095172452,0.15625355468259935,1.034892244579647,0.47,0.15,1.005,0.014927093493437849,0.02989224457964701,0.10450626976286981,True,True,done
base_no_residual,20047,True,success,0.5165420146585685,-0.04759881254486414,0.4939359579208507,0.15162186100288863,1.0348922445793618,0.47,0.15,1.005,0.02399084230912762,0.029892244579361904,0.1058745809047621,True,True,done
base_no_residual,20048,False,place_xy_fail,0.5194601179241859,0.043981892457375264,0.5082258081015987,0.05327316824556035,1.0249931689659983,0.47,0.15,1.005,0.10400621320994204,0.019993168965998454,0.04012958998104832,True,False,done
base_no_residual,20049,True,success,0.49003267293158087,0.008460199608071123,0.47637572173832277,0.15490653271847335,1.0348922445425863,0.47,0.15,1.005,0.008045115971940452,0.029892244542586432,0.10452444404387662,True,True,done
base_no_residual,20050,True,success,0.5450508201012151,-0.043936609022992575,0.48131423335038376,0.1484024010846956,1.0348922445795659,0.47,0.15,1.005,0.01142646920973922,0.029892244579565963,0.10867896596776472,True,True,done
base_no_residual,20051,True,success,0.48909342936816597,-0.057688465598297906,0.48282247544652457,0.1521851885348097,1.0348922445778075,0.47,0.15,1.005,0.013007341215997599,0.029892244577807592,0.0991017439818862,True,True,done
base_no_residual,20052,True,success,0.5551540954187749,0.039787142933106985,0.48544787177983334,0.1580412910203821,1.0348922440153279,0.47,0.15,1.005,0.01741548459850171,0.029892244015327973,0.09608867774877705,True,True,done
base_no_residual,20053,False,pick_lift_fail,0.5594770483482779,-0.0542198958699726,0.5906835848722638,-0.0645886172057405,1.0249931689659983,0.47,0.15,1.005,0.24619667400656073,0.019993168965998454,0.0026888560900375502,False,False,move_release
base_no_residual,20054,False,pick_lift_fail,0.565557625210028,-0.015779712304258744,0.5904747677374043,-0.009189224492091037,1.0249931689659983,0.47,0.15,1.005,0.19963811974614182,0.019993168965998454,0.00016190537254590076,False,False,move_preplace
base_no_residual,20055,True,success,0.5059019120524358,-0.04842844649156187,0.4890807193143932,0.15161183213865373,1.0348922445792215,0.47,0.15,1.005,0.019148677562637446,0.029892244579221572,0.10550326897553597,True,True,done
base_no_residual,20056,True,success,0.517713063573271,0.007481800860586609,0.47924628003318054,0.16983757591859217,1.034892244563249,0.47,0.15,1.005,0.021886596646758526,0.029892244563249015,0.11198198356546096,True,True,done
base_no_residual,20057,True,success,0.5338153824812828,0.01019129973110472,0.4874581702650896,0.15036471004920307,1.0348922432650627,0.47,0.15,1.005,0.017461979338690353,0.02989224326506279,0.11402858333659105,True,True,done
base_no_residual,20058,False,place_xy_fail,0.5220224614032032,0.03761141033620296,0.5275005955690973,0.10117366701067047,1.0649283088333832,0.47,0.15,1.005,0.0754342712829241,0.05992830883338329,0.04839775987239947,True,False,done
base_no_residual,20059,True,success,0.502938576147163,-0.05687102287609666,0.4951870961061651,0.1354171901028155,1.034881356474644,0.47,0.15,1.005,0.029104091718495904,0.029881356474644072,0.09272703799093396,True,True,done
base_no_residual,20060,False,pick_lift_fail,0.5348368275911589,0.049802172764807785,0.5361188766899497,0.050805963445093215,1.0249931689659983,0.47,0.15,1.005,0.11921058150515398,0.019993168965998454,0.008510896466510598,False,False,done
base_no_residual,20061,True,success,0.5285683020699129,0.03124564584507172,0.49255935845987725,0.18310282057620902,1.034892244579712,0.47,0.15,1.005,0.040058973828867916,0.02989224457971207,0.09339461926051751,True,True,done
base_no_residual,20062,True,success,0.5116152993621578,-0.041503568543858387,0.48820714576063434,0.14385204588137435,1.0348922445743496,0.47,0.15,1.005,0.01921711467920489,0.02989224457434969,0.1043800633105394,True,True,done
base_no_residual,20063,True,success,0.5573234905028843,0.008544796418044828,0.4846039179440368,0.14438670916589136,1.0348922341092732,0.47,0.15,1.005,0.015645556982876913,0.02989223410927333,0.11440249710395589,True,True,done
base_no_residual,20064,True,success,0.510996886865738,-0.010385680601991201,0.4809762709446762,0.15659405922756203,1.0348922445794024,0.47,0.15,1.005,0.01280469214575422,0.029892244579402538,0.10876213690630898,True,True,done
base_no_residual,20065,True,success,0.5429245138522758,0.04271173090449238,0.48370340921499666,0.14616687428174474,1.034891930442973,0.47,0.15,1.005,0.014229415901069374,0.029891930442973003,0.11367914149627056,True,True,done
base_no_residual,20066,True,success,0.5558623942326529,0.0332727871207476,0.4883167858798553,0.1532069525056036,1.0348922445567088,0.47,0.15,1.005,0.018595407748733656,0.029892244556708913,0.11487422716744655,True,True,done
base_no_residual,20067,True,success,0.5124215250085811,-0.026767981393239725,0.48081000830169107,0.15405590438009817,1.0348922445779627,0.47,0.15,1.005,0.01154584946303779,0.0298922445779628,0.10372163072136975,True,True,done
base_no_residual,20068,True,success,0.5172372432763073,-0.03763111825565094,0.48331203920931937,0.1491508470148273,1.0348922445790594,0.47,0.15,1.005,0.013339094748246022,0.02989224457905948,0.11016329878331543,True,True,done
base_no_residual,20069,True,success,0.5113528874757686,0.030222341809731695,0.49223443331878264,0.17682718232521463,1.0348922445797823,0.47,0.15,1.005,0.0348434748054453,0.029892244579782457,0.09493537434463217,True,True,done
base_no_residual,20070,True,success,0.5616471249977971,0.041081857669471845,0.4922492522107526,0.1764750715092071,1.0348922445797823,0.47,0.15,1.005,0.034582634881618134,0.029892244579782457,0.10736179183869399,True,True,done
base_no_residual,20071,False,pick_lift_fail,0.5593709802781711,0.04454375219450981,0.5608943047120769,0.0426860451697,1.0249931689659983,0.47,0.15,1.005,0.1406344891213089,0.019993168965998454,0.0023339444017269617,False,False,move_preplace
base_no_residual,20072,True,success,0.5544957035349115,-0.003409606129831651,0.4893750022802241,0.14479229232796945,1.0348922443874353,0.47,0.15,1.005,0.020062675109666132,0.02989224438743543,0.1167931607485897,True,True,done
base_no_residual,20073,False,pick_lift_fail,0.49369389346026843,0.042357650586650634,0.5104687367081568,0.035550702171257366,1.024998589241094,0.47,0.15,1.005,0.12139341178270902,0.0199985892410941,0.006427210721642318,False,False,move_preplace
base_no_residual,20074,True,success,0.48939977234891646,-0.007006489287979565,0.48156912285183817,0.16141557218381075,1.0348922443987723,0.47,0.15,1.005,0.01625299639588709,0.02989224439877236,0.10264201002304185,True,True,done
base_no_residual,20075,True,success,0.5281918524577128,-0.005075952856633235,0.48045506301978075,0.16121810850884674,1.034892244579673,0.47,0.15,1.005,0.015334741643205054,0.02989224457967321,0.11198093558985378,True,True,done
base_no_residual,20076,True,success,0.5562223120309182,-0.04649359283001519,0.4868342980516285,0.13651017487815303,1.0348922445796882,0.47,0.15,1.005,0.02157241230620898,0.02989224457968831,0.1021462622457252,True,True,done
base_no_residual,20077,False,place_xy_fail,0.5219213446267054,0.059540306712907165,0.5026861624709537,0.04800685082701198,1.0249931689659983,0.47,0.15,1.005,0.10710269695624368,0.019993168965998454,0.03980309105175173,True,False,done
base_no_residual,20078,False,pick_lift_fail,0.5672355819744764,0.043848163208958936,0.5672355819744764,0.043848163208958936,1.0249931689659983,0.47,0.15,1.005,0.1439547528080506,0.019993168965998454,0.0,False,False,move_preplace
base_no_residual,20079,False,pick_lift_fail,0.5663061142661783,0.05496862022949886,0.5663061142661783,0.05496862022949886,1.0249931689659983,0.47,0.15,1.005,0.13529904207397553,0.019993168965998454,0.0,False,False,move_preplace
base_no_residual,20080,True,success,0.5628792025651642,-0.0020580437334934035,0.4862297810985778,0.16147786072739784,1.0348922445794504,0.47,0.15,1.005,0.01987830680378224,0.0298922445794505,0.1110448885187747,True,True,done
base_no_residual,20081,False,pick_lift_fail,0.5482172521949474,0.05608632567991667,0.5697855364263913,0.04816306571989371,1.0249931689659983,0.47,0.15,1.005,0.14257599539709817,0.019993168965998454,0.003873269230622922,False,False,move_preplace
base_no_residual,20082,True,success,0.5493232107943924,0.01506495400525052,0.48411934505640536,0.15524082751820012,1.0348922445796123,0.47,0.15,1.005,0.015060616783430979,0.02989224457961237,0.11253731146947099,True,True,done
base_no_residual,20083,True,success,0.5004310641053036,-0.04409798575485082,0.49091647288450585,0.15212389966184015,1.0348922445793884,0.47,0.15,1.005,0.021024028817090083,0.02989224457938855,0.09905496040042339,True,True,done
base_no_residual,20084,True,success,0.5686663818264457,-0.04552384687012393,0.4967487165195524,0.15569857166681528,1.034756986115829,0.47,0.15,1.005,0.027348995493165846,0.02975698611582911,0.11125808837839246,True,True,done
base_no_residual,20085,True,success,0.4849958033817367,-0.04435656268794333,0.4777755405183267,0.15276453961436381,1.0348922445567688,0.47,0.15,1.005,0.008252375999160953,0.029892244556768865,0.1053887211342841,True,True,done
base_no_residual,20086,True,success,0.5417105400053828,-0.03532273492780067,0.4840833619049722,0.14587597797379984,1.0348922445747164,0.47,0.15,1.005,0.014674762015753679,0.02989224457471651,0.1078606476865398,True,True,done
base_no_residual,20087,True,success,0.5387209163633734,-0.0314180821838796,0.4874542213689368,0.14341293468050684,1.0348922445562445,0.47,0.15,1.005,0.018655810706563254,0.029892244556244618,0.11227348428398076,True,True,done
base_no_residual,20088,False,pick_lift_fail,0.4808570386065388,0.030553266564067327,0.48169072243106414,0.03378587430727141,1.024928729680529,0.47,0.15,1.005,0.11680066781266923,0.019928729680529056,0.002123224807063284,False,False,move_preplace
base_no_residual,20089,True,success,0.5462887971476331,0.044814549741615896,0.4950103777056101,0.17483630843260992,1.0348922445797823,0.47,0.15,1.005,0.0352471447004862,0.029892244579782457,0.0989532672456126,True,True,done
base_no_residual,20090,True,success,0.48476475047788825,-0.004789069127400006,0.48019841382407935,0.15796300270395955,1.0348922445748405,0.47,0.15,1.005,0.012938974325287168,0.029892244574840632,0.10428644367835971,True,True,done
base_no_residual,20091,True,success,0.519801386710041,-0.05995391299001121,0.49185112076877713,0.14502756289495472,1.0348922445797488,0.47,0.15,1.005,0.022409743631182293,0.029892244579748928,0.0980394349660565,True,True,done
base_no_residual,20092,False,pick_lift_fail,0.5354406483739776,0.05408107834566529,0.49809068919000404,0.05423377755273125,1.0249931689659983,0.47,0.15,1.005,0.09980108306521113,0.019993168965998454,0.010765136414705667,False,False,done
base_no_residual,20093,True,success,0.4849679904955954,-0.0481781026360115,0.48502951064478755,0.15311863906710377,1.034892244575943,0.47,0.15,1.005,0.015349661229247018,0.029892244575943083,0.10183450177654363,True,True,done
base_no_residual,20094,False,place_xy_fail,0.4991182869562506,-0.04908410948247228,0.7731447519526423,0.07256569909279434,1.0249931689659983,0.47,0.15,1.005,0.31287826960883164,0.019993168965998454,0.017084441449017218,True,False,move_preplace
base_no_residual,20095,True,success,0.5505385165450053,-0.02899641467056993,0.4872861833115557,0.17652930823161836,1.0348922445156152,0.47,0.15,1.005,0.031664117368543875,0.02989224451561534,0.11792097818930447,True,True,done
base_no_residual,20096,True,success,0.517424751564311,0.040230686656249355,0.4888790250684485,0.1762950182276593,1.0348922445797823,0.47,0.15,1.005,0.03237044286271108,0.029892244579782457,0.09507667515024609,True,True,done
base_no_residual,20097,True,success,0.49751428771114087,0.023305635247300265,0.48618304586624517,0.16140028561239164,1.0348922445797184,0.47,0.15,1.005,0.019795390512770888,0.029892244579718508,0.09931695687765618,True,True,done
base_no_residual,20098,True,success,0.5578127320194205,-0.025231535464431618,0.487726510725932,0.161824410599246,1.0348922445296496,0.47,0.15,1.005,0.021308352084010242,0.02989224452964967,0.11752679430985369,True,True,done
base_no_residual,20099,False,place_xy_fail,0.5154129514528208,0.050595861516750586,0.49361745156185527,0.041610632342854975,1.0249931689659983,0.47,0.15,1.005,0.11093258781526885,0.019993168965998454,0.03935253921512927,True,False,done
base_no_residual,20100,True,success,0.5098449887736481,0.009292761205159442,0.4796104236783306,0.1519706031614796,1.0348922445767053,0.47,0.15,1.005,0.009810378183181919,0.029892244576705362,0.10319399706627763,True,True,done
best_y_m015_g50,20001,False,pick_lift_fail,0.486226970803375,0.035360820362034036,0.5086013808880782,0.04292701913011999,1.0249931689659983,0.47,0.15,1.005,0.11381867087094358,0.019993168965998454,0.011519388177013923,False,False,move_release
best_y_m015_g50,20002,False,pick_lift_fail,0.5505745377918965,-0.05738409797493881,0.6263126737510221,-0.044122364945807825,1.0249931689659983,0.47,0.15,1.005,0.24923311286293173,0.019993168965998454,0.004701296233882157,False,False,move_preplace
best_y_m015_g50,20003,True,success,0.5112793740987902,-0.010426723930367088,0.48146627075464365,0.14517563436256345,1.0348922445318498,0.47,0.15,1.005,0.012439850032153744,0.02989224453184991,0.1032038201779899,True,True,done
best_y_m015_g50,20004,True,success,0.5387775185472695,0.016919749131488287,0.48746369386290433,0.1511382858293679,1.034892244428622,0.47,0.15,1.005,0.01750075135434428,0.02989224442862204,0.11464028927153169,True,True,done
best_y_m015_g50,20005,True,success,0.5145599115624737,-0.025034387981481273,0.48830285857320993,0.1472972838042196,1.0348922445768072,0.47,0.15,1.005,0.01850133256784113,0.02989224457680728,0.10145581484468158,True,True,done
best_y_m015_g50,20006,False,pick_lift_fail,0.4975161176560531,-0.05151234907797297,0.5473389946897561,-0.03293108511263756,1.0249931689659983,0.47,0.15,1.005,0.19860791021535162,0.019993168965998454,0.008289901272080069,False,False,move_release
best_y_m015_g50,20007,False,place_xy_fail,0.553579563569466,-0.034598744639487485,0.3889635014501755,0.07110820309812077,1.0689235030874884,0.47,0.15,1.005,0.11309655041433873,0.06392350308748851,0.04679978266403517,True,False,move_release
best_y_m015_g50,20008,True,success,0.5631813414527421,0.0200303831571985,0.4900869573856324,0.14727122208722945,1.0348922445741455,0.47,0.15,1.005,0.020271459885993354,0.029892244574145632,0.1183987160137352,True,True,done
best_y_m015_g50,20009,True,success,0.5114806110968011,-0.013607194573201514,0.48469714674200476,0.1476178555924001,1.0348922445010498,0.47,0.15,1.005,0.014888946716765473,0.02989224450104988,0.10632149846312089,True,True,done
best_y_m015_g50,20010,False,place_xy_fail,0.5416882582579333,-0.04951968339696892,0.42915221516874,0.11577874668534802,1.0478030103466511,0.47,0.15,1.005,0.05328823232240387,0.04280301034665124,0.045590425227848064,True,False,move_preplace
best_y_m015_g50,20011,False,pick_lift_fail,0.4879607240099943,-0.02648276548331414,0.5181987015628124,-0.015531846649432251,1.0249931689659983,0.47,0.15,1.005,0.17240622693949373,0.019993168965998454,0.006341906566390998,False,False,move_release
best_y_m015_g50,20012,False,pick_lift_fail,0.4827787657672737,-0.01874352746872062,0.5756432636095118,0.07894663011446007,1.0249931689659983,0.47,0.15,1.005,0.12731488726052487,0.019993168965998454,0.008519400468626204,False,False,move_release
best_y_m015_g50,20013,True,success,0.5524741676709732,0.03559140975267427,0.4914488317044306,0.1542336438130479,1.0348922443696138,0.47,0.15,1.005,0.021862665011858625,0.029892244369613907,0.1092981622458511,True,True,done
best_y_m015_g50,20014,True,success,0.5539767445600826,-0.012172428418734112,0.49434985297575745,0.155557050088211,1.0408977197236084,0.47,0.15,1.005,0.024975911307175386,0.03589771972360856,0.12010089121327017,True,True,done
best_y_m015_g50,20015,True,success,0.5345723332486214,0.039414843443562754,0.4752761803836415,0.13551989240414067,1.0348922445793836,0.47,0.15,1.005,0.015411411208204997,0.029892244579383664,0.08306443990042123,True,True,done
best_y_m015_g50,20016,False,place_xy_fail,0.5196210099979939,-0.0554805518433347,0.41661699716689904,0.052021872995832906,1.034070534526775,0.47,0.15,1.005,0.1115771408610364,0.029070534526775216,0.025581676264955666,True,False,move_preplace
best_y_m015_g50,20017,True,success,0.5216274558748167,0.021871633923301725,0.4846689442291631,0.14695719539483593,1.0348922401757927,0.47,0.15,1.005,0.014981207717120358,0.02989224017579284,0.10698493636722262,True,True,done
best_y_m015_g50,20018,True,success,0.5153876303002997,-0.006235182375920769,0.48270876011217523,0.15859964450850605,1.0348922445796276,0.47,0.15,1.005,0.01534491672383709,0.02989224457962769,0.1055036934531477,True,True,done
best_y_m015_g50,20019,False,pick_lift_fail,0.4896965211600334,-0.014717370932963238,0.5317541486688157,-0.03482881719181944,1.0249931689659983,0.47,0.15,1.005,0.1948724365895218,0.019993168965998454,0.005631384351441726,False,False,move_release
best_y_m015_g50,20020,True,success,0.5134650170102072,0.006615026403199064,0.481979624872749,0.15774080075518215,1.0348922445797482,0.47,0.15,1.005,0.014262938281546875,0.02989224457974826,0.11469175114506958,True,True,done
best_y_m015_g50,20021,True,success,0.4991980901256954,-0.022231183648717436,0.48302437659348796,0.1575596259023407,1.0348922445691429,0.47,0.15,1.005,0.015059293789296309,0.029892244569142967,0.1009020354128154,True,True,done
best_y_m015_g50,20022,True,success,0.5217388845850612,0.03211523437108114,0.4867485754288503,0.16105109369607817,1.0348922445781852,0.47,0.15,1.005,0.0200659276081468,0.02989224457818529,0.10275474838111709,True,True,done
best_y_m015_g50,20023,True,success,0.5511715956754867,0.03614689069950656,0.4917728932628459,0.15416080572205704,1.0348922424396407,0.47,0.15,1.005,0.02216689390266449,0.029892242439640837,0.10667949374914021,True,True,done
best_y_m015_g50,20024,False,pick_lift_fail,0.4817351864766834,0.04681249650851919,0.42946919417848095,0.05477194476107413,1.0249931689659983,0.47,0.15,1.005,0.10349458307143226,0.019993168965998454,0.0012858015946248802,False,False,move_preplace
best_y_m015_g50,20025,True,success,0.5220418002900109,-0.045397109042044505,0.48883115075696704,0.14948141485193198,1.0348922445793043,0.47,0.15,1.005,0.018838289980447218,0.029892244579304394,0.09460502691157435,True,True,done
best_y_m015_g50,20026,True,success,0.5096079359959667,0.010749883849055564,0.4786731982865046,0.15943575912181293,1.0348922445511919,0.47,0.15,1.005,0.012816314553018085,0.029892244551191993,0.10606110739763674,True,True,done
best_y_m015_g50,20027,True,success,0.5213486785792165,0.0016679306057490427,0.48096724758904547,0.16895047622970902,1.0348922444890432,0.47,0.15,1.005,0.02189522936651249,0.029892244489043263,0.10604925416047739,True,True,done
best_y_m015_g50,20028,False,pick_lift_fail,0.4962405961783344,0.019281531345244667,0.5600802937591358,0.0681210382022706,1.0249931689659983,0.47,0.15,1.005,0.12173176951316464,0.019993168965998454,0.008037603869307075,False,False,move_release
best_y_m015_g50,20029,False,place_xy_fail,0.49293833197632814,-0.04737600355976009,0.5045369277438899,0.05477740378487205,1.0249931689659983,0.47,0.15,1.005,0.10129236006696642,0.019993168965998454,0.021431113422092585,True,False,done
best_y_m015_g50,20030,True,success,0.51245364827356,0.006822542829768349,0.4826128730162733,0.1553611244180252,1.0348922445797717,0.47,0.15,1.005,0.013704970658494024,0.0298922445797718,0.11094289573083316,True,True,done
best_y_m015_g50,20031,True,success,0.5497571934389812,0.021979332413977478,0.4889318461172832,0.14997571373155016,1.034892244366004,0.47,0.15,1.005,0.018931861694807692,0.029892244366004128,0.11065347075735543,True,True,done
best_y_m015_g50,20032,True,success,0.5099871626071145,-0.031955100136249755,0.48905548178128616,0.15041944340700317,1.0348922445571547,0.47,0.15,1.005,0.019060097551917416,0.02989224455715478,0.10380747038874372,True,True,done
best_y_m015_g50,20033,False,place_xy_fail,0.5362543194201437,-0.02708771601743008,0.6937918910956774,0.030329296799725933,1.0249931689659983,0.47,0.15,1.005,0.2537792105839792,0.019993168965998454,0.01698160684995731,True,False,move_release
best_y_m015_g50,20034,False,pick_lift_fail,0.4800301736155342,-0.004286986081570545,0.5123067221666585,-0.0070997306849649965,1.0249931689659983,0.47,0.15,1.005,0.1626966014450682,0.019993168965998454,0.006140161797582033,False,False,move_release
best_y_m015_g50,20035,False,pick_lift_fail,0.537426650932211,-0.027525271189875963,0.6820229766297103,0.01384161608262367,1.0249931689659983,0.47,0.15,1.005,0.2519778723021416,0.019993168965998454,0.00962162139744449,False,False,move_release
best_y_m015_g50,20036,False,pick_lift_fail,0.5457252335243907,0.055752990589755205,0.5884271544663917,0.04062756942067148,1.0249931689659983,0.47,0.15,1.005,0.16120582956530027,0.019993168965998454,0.0012504843029781387,False,False,move_release
best_y_m015_g50,20037,False,place_xy_fail,0.5695127371383416,-0.02312053544436701,0.427774546029112,0.12025859878959755,1.0551308983337409,0.47,0.15,1.005,0.05164823238994443,0.05013089833374096,0.04542798166288642,True,False,move_release
best_y_m015_g50,20038,False,pick_lift_fail,0.5544468399763994,-0.045968247112806594,0.7579111261771063,0.0546404684676567,1.0249931689659983,0.47,0.15,1.005,0.3032923619721367,0.019993168965998454,0.013617009881755404,False,False,move_preplace
best_y_m015_g50,20039,True,success,0.5565295086690115,0.002977035369992911,0.4831078685433049,0.143332282419463,1.0348922443538204,0.47,0.15,1.005,0.014706280137491088,0.02989224435382054,0.11574729957845253,True,True,done
best_y_m015_g50,20040,True,success,0.5575023141181821,-0.0022291377679949337,0.489848776289381,0.15781886050160643,1.034892244575515,0.47,0.15,1.005,0.021333272128988463,0.029892244575515203,0.11810794758761256,True,True,done
best_y_m015_g50,20041,True,success,0.5609036899408797,0.04414055807859752,0.50881145084542,0.1892701428651071,1.0348922445797823,0.47,0.15,1.005,0.05521297707398486,0.029892244579782457,0.09752231687614743,True,True,done
best_y_m015_g50,20042,False,pick_lift_fail,0.5489073035221895,-0.030360582020551367,0.4533708611587312,0.029623817885405575,1.0321391332288539,0.47,0.15,1.005,0.12151935433949686,0.027139133228853973,0.009986973661762155,False,False,move_preplace
best_y_m015_g50,20043,True,success,0.5319144504624543,-0.008417087974580219,0.4833590546595918,0.15579152982033462,1.0348922445797548,0.47,0.15,1.005,0.014560431279937652,0.029892244579754923,0.11263772264932004,True,True,done
best_y_m015_g50,20044,True,success,0.5309950838798909,-0.03231401313391622,0.48888663757665085,0.1541597228506028,1.0348922445792612,0.47,0.15,1.005,0.019339296087127582,0.029892244579261318,0.10066277851700423,True,True,done
best_y_m015_g50,20045,False,pick_lift_fail,0.4907573739237498,-0.035620240259842444,0.5570099908481309,-0.037271116800103594,1.0249931689659983,0.47,0.15,1.005,0.20649748108621047,0.019993168965998454,0.009987359641961735,False,False,move_release
best_y_m015_g50,20046,False,pick_lift_fail,0.4998740576035798,-0.032697751389226655,0.492291594062279,0.0006811571916525477,1.0249931689659983,0.47,0.15,1.005,0.1509736135338272,0.019993168965998454,0.00806735143998738,False,False,move_release
best_y_m015_g50,20047,True,success,0.5165420146585685,-0.04759881254486414,0.4853825521404215,0.14496788055908505,1.034892244578674,0.47,0.15,1.005,0.016184719225875385,0.02989224457867401,0.08195863057233033,True,True,done
best_y_m015_g50,20048,True,success,0.5194601179241859,0.043981892457375264,0.4855930287517247,0.15471174355476527,1.0348922443892588,0.47,0.15,1.005,0.016289354590590346,0.02989224438925886,0.11227646698831473,True,True,done
best_y_m015_g50,20049,False,pick_lift_fail,0.49003267293158087,0.008460199608071123,0.5593231716209541,0.057883178765152386,1.0249931689659983,0.47,0.15,1.005,0.12831265620677992,0.019993168965998454,0.007993344435836658,False,False,move_release
best_y_m015_g50,20050,False,place_xy_fail,0.5450508201012151,-0.043936609022992575,0.43838160557792333,0.054890762610066625,1.025713590401372,0.47,0.15,1.005,0.1002271914338854,0.020713590401372217,0.04993361598554458,True,False,move_release
best_y_m015_g50,20051,False,pick_lift_fail,0.48909342936816597,-0.057688465598297906,0.5256795677700029,-0.05039251425352167,1.0249931689659983,0.47,0.15,1.005,0.2079840715917982,0.019993168965998454,0.00772839543270587,False,False,move_release
best_y_m015_g50,20052,True,success,0.5551540954187749,0.039787142933106985,0.4926719705596469,0.17575548529128637,1.0348922445797801,0.47,0.15,1.005,0.034312727546016594,0.029892244579780236,0.10274774667776576,True,True,done
best_y_m015_g50,20053,False,pick_lift_fail,0.5594770483482779,-0.0542198958699726,0.44334666654614513,-0.028377553461073762,1.0249931689659983,0.47,0.15,1.005,0.18035784364135818,0.019993168965998454,0.009545461480038986,False,False,move_release
best_y_m015_g50,20054,True,success,0.565557625210028,-0.015779712304258744,0.5100574247818277,0.15284773353501824,1.0406057123877417,0.47,0.15,1.005,0.04015852171629645,0.035605712387741795,0.06099884409950307,True,True,done
best_y_m015_g50,20055,True,success,0.5059019120524358,-0.04842844649156187,0.4932379032389721,0.14747325265664799,1.034892244579621,0.47,0.15,1.005,0.023374871102980817,0.02989224457962103,0.08518489820861475,True,True,done
best_y_m015_g50,20056,True,success,0.517713063573271,0.007481800860586609,0.4833969619066102,0.1732915945461046,1.0348922444777855,0.47,0.15,1.005,0.026869629041490227,0.0298922444777856,0.10694926179232778,True,True,done
best_y_m015_g50,20057,True,success,0.5338153824812828,0.01019129973110472,0.4830223825249447,0.1657807949790735,1.0348922445791768,0.47,0.15,1.005,0.020460105982070032,0.02989224457917694,0.11435959626024794,True,True,done
best_y_m015_g50,20058,True,success,0.5220224614032032,0.03761141033620296,0.48637557492450695,0.15533638008857753,1.0348922444569792,0.47,0.15,1.005,0.017223135793400353,0.029892244456979356,0.11243532188674243,True,True,done
best_y_m015_g50,20059,True,success,0.502938576147163,-0.05687102287609666,0.48832856094865557,0.14031346069124095,1.0348922445797626,0.47,0.15,1.005,0.02073077881384867,0.029892244579762695,0.07315061291097957,True,True,done
best_y_m015_g50,20060,True,success,0.5348368275911589,0.049802172764807785,0.4832019627929112,0.17504514190941972,1.0348922445797737,0.47,0.15,1.005,0.028311675239172714,0.029892244579773797,0.09403306679231926,True,True,done
best_y_m015_g50,20061,True,success,0.5285683020699129,0.03124564584507172,0.4935301805033872,0.17483218910707551,1.034892244578064,0.47,0.15,1.005,0.03420975022375265,0.029892244578064053,0.0880963567951294,True,True,done
best_y_m015_g50,20062,True,success,0.5116152993621578,-0.041503568543858387,0.4982671968367842,0.15720192604784114,1.0348922445755582,0.47,0.15,1.005,0.02917022721557167,0.02989224457555828,0.09124805573603889,True,True,done
best_y_m015_g50,20063,True,success,0.5573234905028843,0.008544796418044828,0.4874432660579823,0.14875853106151563,1.0348922445952458,0.47,0.15,1.005,0.01748738905310855,0.029892244595245865,0.12009689870266205,True,True,done
best_y_m015_g50,20064,True,success,0.510996886865738,-0.010385680601991201,0.48161687725867924,0.14600438361359533,1.0348922444498394,0.47,0.15,1.005,0.012284819394298195,0.02989224444983951,0.11171492689827445,True,True,done
best_y_m015_g50,20065,True,success,0.5429245138522758,0.04271173090449238,0.4868371029116885,0.13326061796469807,1.0407295759456268,0.47,0.15,1.005,0.02374226074708514,0.03572957594562687,0.09698476505392462,True,True,done
best_y_m015_g50,20066,True,success,0.5558623942326529,0.0332727871207476,0.4915632356621946,0.1811592577801309,1.0348922445692919,0.47,0.15,1.005,0.03789290801234436,0.02989224456929196,0.11157122884748572,True,True,done
best_y_m015_g50,20067,True,success,0.5124215250085811,-0.026767981393239725,0.4803833779630767,0.1548829568906371,1.0348922445782627,0.47,0.15,1.005,0.01147422354322624,0.029892244578262783,0.09606383516249206,True,True,done
best_y_m015_g50,20068,True,success,0.5172372432763073,-0.03763111825565094,0.49654714667224353,0.14253672468432665,1.034892242343739,0.47,0.15,1.005,0.027576284645962578,0.029892242343739106,0.10217094929748871,True,True,done
best_y_m015_g50,20069,True,success,0.5113528874757686,0.030222341809731695,0.4834229884495423,0.153587824774834,1.0348922443940276,0.47,0.15,1.005,0.013894211223796011,0.02989224439402771,0.10566928374981144,True,True,done
best_y_m015_g50,20070,True,success,0.5616471249977971,0.041081857669471845,0.4944680985682307,0.15886335285698336,1.0348922445767945,0.47,0.15,1.005,0.026023967249672944,0.029892244576794624,0.11796730703084157,True,True,done
best_y_m015_g50,20071,True,success,0.5593709802781711,0.04454375219450981,0.49579228729866526,0.15514244737281588,1.0348922445471134,0.47,0.15,1.005,0.026299940096492072,0.029892244547113478,0.10941205664262843,True,True,done
best_y_m015_g50,20072,True,success,0.5544957035349115,-0.003409606129831651,0.4830017958778115,0.1507668001673433,1.03489224457967,0.47,0.15,1.005,0.013024387837626557,0.029892244579670102,0.11882957556768603,True,True,done
best_y_m015_g50,20073,False,place_xy_fail,0.49369389346026843,0.042357650586650634,0.5140756813610773,0.029038219744416477,1.0249931689659983,0.47,0.15,1.005,0.12874167145894638,0.019993168965998454,0.020848562740682697,True,False,done
best_y_m015_g50,20074,False,pick_lift_fail,0.48939977234891646,-0.007006489287979565,0.5138063782042368,-0.023147986782806673,1.0249931689659983,0.47,0.15,1.005,0.17860353887398656,0.019993168965998454,0.006054363074183389,False,False,move_release
best_y_m015_g50,20075,True,success,0.5281918524577128,-0.005075952856633235,0.49176839804324735,0.17126240603226847,1.0348922445793307,0.47,0.15,1.005,0.03042947688755597,0.029892244579330818,0.1140165139405993,True,True,done
best_y_m015_g50,20076,False,pick_lift_fail,0.5562223120309182,-0.04649359283001519,0.6389706716628485,-0.01694422883554952,1.0249931689659983,0.47,0.15,1.005,0.23753202610109334,0.019993168965998454,0.0019093724213226082,False,False,move_preplace
best_y_m015_g50,20077,False,pick_lift_fail,0.5219213446267054,0.059540306712907165,0.5241379669694173,0.05169962216527585,1.0249931689659983,0.47,0.15,1.005,0.11222247435354135,0.019993168965998454,0.0005572642886535473,False,False,move_release
best_y_m015_g50,20078,True,success,0.5672355819744764,0.043848163208958936,0.4848372344618337,0.1613149031566121,1.0348470496548832,0.47,0.15,1.005,0.01865932903185258,0.029847049654883273,0.10043560759054171,True,True,done
best_y_m015_g50,20079,False,pick_lift_fail,0.5663061142661783,0.05496862022949886,0.5917535681871866,0.04896284760025602,1.0249931689659983,0.47,0.15,1.005,0.1582164262374833,0.019993168965998454,0.006647520572029997,False,False,move_preplace
best_y_m015_g50,20080,True,success,0.5628792025651642,-0.0020580437334934035,0.48837344630879187,0.13840531197023417,1.0348922445796203,0.47,0.15,1.005,0.021726028623972063,0.029892244579620364,0.10091945102845434,True,True,done
best_y_m015_g50,20081,False,pick_lift_fail,0.5482172521949474,0.05608632567991667,0.585107717267188,0.04594356474929689,1.0249931689659983,0.47,0.15,1.005,0.15516935358358191,0.019993168965998454,0.005343096019553295,False,False,move_release
best_y_m015_g50,20082,True,success,0.5493232107943924,0.01506495400525052,0.48708823191991574,0.15718673352916676,1.0348922445789497,0.47,0.15,1.005,0.018537982872148678,0.02989224457894979,0.1200575520227869,True,True,done
best_y_m015_g50,20083,True,success,0.5004310641053036,-0.04409798575485082,0.5003511164841907,0.15263855394241851,1.0348922445695037,0.47,0.15,1.005,0.030465591061785886,0.02989224456950379,0.0953256077686715,True,True,done
best_y_m015_g50,20084,False,pick_lift_fail,0.5686663818264457,-0.04552384687012393,0.6186343943363884,-0.011091012565134218,1.0249931689659983,0.47,0.15,1.005,0.21918598839571216,0.019993168965998454,0.007097036437481163,False,False,move_preplace
best_y_m015_g50,20085,False,pick_lift_fail,0.4849958033817367,-0.04435656268794333,0.4930903659651487,-0.054544837782240056,1.0249931689659983,0.47,0.15,1.005,0.20584400808322645,0.019993168965998454,0.011661740068807935,False,False,move_release
best_y_m015_g50,20086,False,pick_lift_fail,0.5417105400053828,-0.03532273492780067,0.6663965109306849,-0.03234225589167151,1.0249931689659983,0.47,0.15,1.005,0.26799307414448315,0.019993168965998454,0.009409670637411605,False,False,move_release
best_y_m015_g50,20087,True,success,0.5387209163633734,-0.0314180821838796,0.49252083565641236,0.16528625063248925,1.0348922446031676,0.47,0.15,1.005,0.02721869756366777,0.02989224460316775,0.10580939698065706,True,True,done
best_y_m015_g50,20088,False,pick_lift_fail,0.4808570386065388,0.030553266564067327,0.509687249294259,0.04279527109641279,1.0249931689659983,0.47,0.15,1.005,0.11431505437096329,0.019993168965998454,0.004708981520795241,False,False,move_release
best_y_m015_g50,20089,False,pick_lift_fail,0.5462887971476331,0.044814549741615896,0.5694661855853602,0.029990635815204267,1.0249931689659983,0.47,0.15,1.005,0.15587100297021333,0.019993168965998454,0.0007075142826342695,False,False,move_release
best_y_m015_g50,20090,False,pick_lift_fail,0.48476475047788825,-0.004789069127400006,0.572289736393928,-0.049360028932024486,1.0249931689659983,0.47,0.15,1.005,0.22407054984383137,0.019993168965998454,0.011869330120153565,False,False,done
best_y_m015_g50,20091,True,success,0.519801386710041,-0.05995391299001121,0.44016694577494725,0.12343815424606232,1.0348922445797823,0.47,0.15,1.005,0.03994424582153121,0.029892244579782457,0.04721903590213361,True,True,move_release
best_y_m015_g50,20092,False,pick_lift_fail,0.5354406483739776,0.05408107834566529,0.5765172552544382,0.06457892885577622,1.0249931689659983,0.47,0.15,1.005,0.1365382183213392,0.019993168965998454,0.003612291332093731,False,False,move_release
best_y_m015_g50,20093,False,pick_lift_fail,0.4849679904955954,-0.0481781026360115,0.5835765071476724,-0.10071064309896699,1.0249931689659983,0.47,0.15,1.005,0.275237078786567,0.019993168965998454,0.011175820434311756,False,False,move_release
best_y_m015_g50,20094,True,success,0.4991182869562506,-0.04908410948247228,0.5002865605714947,0.13334775548508984,1.0348922445756699,0.47,0.15,1.005,0.03456259536891251,0.02989224457566997,0.09323722642817822,True,True,done
best_y_m015_g50,20095,False,place_xy_fail,0.5505385165450053,-0.02899641467056993,0.7482684467781368,0.05738859103950381,1.0249931689659983,0.47,0.15,1.005,0.2932749589412042,0.019993168965998454,0.015101102425072455,True,False,move_release
best_y_m015_g50,20096,True,success,0.517424751564311,0.040230686656249355,0.49355344675479207,0.16844210315944905,1.0348922445795432,0.47,0.15,1.005,0.0299144784840817,0.029892244579543314,0.09914038757921673,True,True,done
best_y_m015_g50,20097,True,success,0.49751428771114087,0.023305635247300265,0.4981871008419157,0.14886247716167095,1.034892244063233,0.47,0.15,1.005,0.028210044524602337,0.02989224406323321,0.08411234632463982,True,True,done
best_y_m015_g50,20098,False,place_xy_fail,0.5578127320194205,-0.025231535464431618,0.4556243848237305,0.051141830515639246,1.0249931689659983,0.47,0.15,1.005,0.09989792783383838,0.019993168965998454,0.04283713195075656,True,False,move_release
best_y_m015_g50,20099,True,success,0.5154129514528208,0.050595861516750586,0.5099314414654864,0.10998490075355494,1.034868419233891,0.47,0.15,1.005,0.05653077202032905,0.029868419233891164,0.049383138299317286,True,True,done
best_y_m015_g50,20100,True,success,0.5098449887736481,0.009292761205159442,0.4846140486269772,0.1539502101692986,1.0348922445774194,0.47,0.15,1.005,0.015138513059520922,0.029892244577419458,0.1033452939772257,True,True,done
safer_y_m015_g35,20001,False,place_xy_fail,0.486226970803375,0.035360820362034036,0.4914169252831816,0.036535007156972235,1.0249931689659983,0.47,0.15,1.005,0.1154685640746161,0.019993168965998454,0.019480138376023914,True,False,done
safer_y_m015_g35,20002,False,pick_lift_fail,0.5505745377918965,-0.05738409797493881,0.5831357658378189,-0.07996783474490715,1.0249931689659983,0.47,0.15,1.005,0.2562906680489376,0.019993168965998454,0.004246459001768121,False,False,move_preplace
safer_y_m015_g35,20003,True,success,0.5112793740987902,-0.010426723930367088,0.4969847558392196,0.16166422545048478,1.0348922445705804,0.47,0.15,1.005,0.02939780949428093,0.029892244570580484,0.11150259345224489,True,True,done
safer_y_m015_g35,20004,True,success,0.5387775185472695,0.016919749131488287,0.4865127790326123,0.15288094113289055,1.0348922444152786,0.47,0.15,1.005,0.016762210271651597,0.029892244415278713,0.11505386668877193,True,True,done
safer_y_m015_g35,20005,True,success,0.5145599115624737,-0.025034387981481273,0.4837515811035035,0.1590307122998618,1.0348922445765019,0.47,0.15,1.005,0.016451739953242367,0.02989224457650197,0.09850659513044802,True,True,done
safer_y_m015_g35,20006,True,success,0.4975161176560531,-0.05151234907797297,0.4957853767124618,0.14651323233101327,1.0348922445797035,0.47,0.15,1.005,0.026020053823561942,0.02989224457970363,0.0900573146667818,True,True,done
safer_y_m015_g35,20007,False,pick_lift_fail,0.553579563569466,-0.034598744639487485,0.6435164253519307,0.015776096734789927,1.0249931689659983,0.47,0.15,1.005,0.21937184430701356,0.019993168965998454,0.0009569322235256639,False,False,move_release
safer_y_m015_g35,20008,True,success,0.5631813414527421,0.0200303831571985,0.4847136484628999,0.16623043181574645,1.0348922445773,0.47,0.15,1.005,0.021907039234350948,0.029892244577299998,0.12084900463951387,True,True,done
safer_y_m015_g35,20009,True,success,0.5114806110968011,-0.013607194573201514,0.4881208671368854,0.16541960199781863,1.0348922445791355,0.47,0.15,1.005,0.023793485485817056,0.02989224457913564,0.11059671152094408,True,True,done
safer_y_m015_g35,20010,False,place_xy_fail,0.5416882582579333,-0.04951968339696892,0.3911245266484914,0.0539856112893712,1.0485466879065108,0.47,0.15,1.005,0.12425821154314214,0.04354668790651095,0.024452590037687738,True,False,move_release
safer_y_m015_g35,20011,True,success,0.4879607240099943,-0.02648276548331414,0.482737169824964,0.1509248690161341,1.034892244579685,0.47,0.15,1.005,0.012770703890035944,0.0298922445796852,0.09889295434897027,True,True,done
safer_y_m015_g35,20012,False,pick_lift_fail,0.4827787657672737,-0.01874352746872062,0.4816891599227372,-0.02024997545142168,1.0249931689659983,0.47,0.15,1.005,0.1706507855267857,0.019993168965998454,0.00865600029098812,False,False,move_release
safer_y_m015_g35,20013,True,success,0.5524741676709732,0.03559140975267427,0.49017706962907165,0.1750281686383474,1.0348922445797821,0.47,0.15,1.005,0.03214845819329385,0.029892244579782234,0.10262379597264859,True,True,done
safer_y_m015_g35,20014,True,success,0.5539767445600826,-0.012172428418734112,0.4866645928628158,0.1618469238489503,1.0348922445691684,0.47,0.15,1.005,0.020446473044665688,0.029892244569168502,0.11483354215352737,True,True,done
safer_y_m015_g35,20015,True,success,0.5345723332486214,0.039414843443562754,0.49428864410528744,0.177591790785076,1.0348922445797823,0.47,0.15,1.005,0.03675928659809275,0.029892244579782457,0.0994531034107804,True,True,done
safer_y_m015_g35,20016,True,success,0.5196210099979939,-0.0554805518433347,0.48032402295949495,0.12987573485151682,1.0348922429270595,0.47,0.15,1.005,0.022617946366428446,0.02989224292705961,0.05454882123687477,True,True,done
safer_y_m015_g35,20017,True,success,0.5216274558748167,0.021871633923301725,0.48903861678729726,0.17573992902336558,1.0348922445789857,0.47,0.15,1.005,0.03201582226495918,0.02989224457898576,0.10936605392771859,True,True,done
safer_y_m015_g35,20018,True,success,0.5153876303002997,-0.006235182375920769,0.48181950943544266,0.1518314461009313,1.034892244579726,0.47,0.15,1.005,0.01196056010875474,0.029892244579726057,0.1101338651416639,True,True,done
safer_y_m015_g35,20019,False,pick_lift_fail,0.4896965211600334,-0.014717370932963238,0.5461575404861572,-0.01795412367059163,1.0249931689659983,0.47,0.15,1.005,0.18441409553192253,0.019993168965998454,0.002268192386307044,False,False,move_release
safer_y_m015_g35,20020,True,success,0.5134650170102072,0.006615026403199064,0.479594789883481,0.1520692416697148,1.0348922445791569,0.47,0.15,1.005,0.00981538353788753,0.029892244579156957,0.1117669995936974,True,True,done
safer_y_m015_g35,20021,True,success,0.4991980901256954,-0.022231183648717436,0.47746548689320867,0.14742878872015594,1.0348922445787743,0.47,0.15,1.005,0.007895861067563697,0.029892244578774374,0.09809578104883299,True,True,done
safer_y_m015_g35,20022,True,success,0.5217388845850612,0.03211523437108114,0.48347171236033304,0.17471949173271842,1.0348922445778608,0.47,0.15,1.005,0.028152092381268663,0.029892244577860883,0.11267526554406615,True,True,done
safer_y_m015_g35,20023,True,success,0.5511715956754867,0.03614689069950656,0.49238431476019967,0.17103526444864864,1.0348922445797795,0.47,0.15,1.005,0.030717094551865994,0.02989224457977957,0.10496503458968554,True,True,done
safer_y_m015_g35,20024,False,pick_lift_fail,0.4817351864766834,0.04681249650851919,0.43405569257440313,0.05958322486053891,1.0249931689659983,0.47,0.15,1.005,0.09729946794780372,0.019993168965998454,0.002089650349666128,False,False,move_preplace
safer_y_m015_g35,20025,True,success,0.5220418002900109,-0.045397109042044505,0.48821873585151915,0.14081628891748718,1.0348922445786388,0.47,0.15,1.005,0.020402521542066777,0.029892244578638927,0.09841913690095772,True,True,done
safer_y_m015_g35,20026,True,success,0.5096079359959667,0.010749883849055564,0.4796321745695951,0.157992886539749,1.034892244578877,0.47,0.15,1.005,0.012516589878096035,0.02989224457887718,0.10650255277012177,True,True,done
safer_y_m015_g35,20027,True,success,0.5213486785792165,0.0016679306057490427,0.48329879475986187,0.1634363245381448,1.0348922445796582,0.47,0.15,1.005,0.018904834280132756,0.029892244579658334,0.11431284700846467,True,True,done
safer_y_m015_g35,20028,False,pick_lift_fail,0.4962405961783344,0.019281531345244667,0.5620530542700778,0.05324267125385062,1.0249931689659983,0.47,0.15,1.005,0.13355053525366462,0.019993168965998454,0.008557733991300776,False,False,move_release
safer_y_m015_g35,20029,True,success,0.49293833197632814,-0.04737600355976009,0.4963336239889294,0.14427138571909895,1.0348922445797426,0.47,0.15,1.005,0.026949522703930435,0.02989224457974271,0.09361107276457625,True,True,done
safer_y_m015_g35,20030,True,success,0.51245364827356,0.006822542829768349,0.48495796866302954,0.14952638434879184,1.0348922444875708,0.47,0.15,1.005,0.014965464854432146,0.029892244487570885,0.10751139036503132,True,True,done
safer_y_m015_g35,20031,True,success,0.5497571934389812,0.021979332413977478,0.48781357372599554,0.15481648281510696,1.034892244580391,0.47,0.15,1.005,0.018453235911343582,0.02989224458039108,0.11177865473726722,True,True,done
safer_y_m015_g35,20032,True,success,0.5099871626071145,-0.031955100136249755,0.48782066349386444,0.1469466302367115,1.034892244579477,0.47,0.15,1.005,0.01808035160811089,0.029892244579477145,0.10008757841994398,True,True,done
safer_y_m015_g35,20033,False,pick_lift_fail,0.5362543194201437,-0.02708771601743008,0.5889461423013062,-0.03945486298235689,1.0249931689659983,0.47,0.15,1.005,0.2236991950723699,0.019993168965998454,0.008124117016682808,False,False,move_release
safer_y_m015_g35,20034,True,success,0.4800301736155342,-0.004286986081570545,0.48079933866436375,0.15215999081972703,1.0348922445432793,0.47,0.15,1.005,0.011013231856677108,0.029892244543279434,0.09968731445363432,True,True,done
safer_y_m015_g35,20035,True,success,0.537426650932211,-0.027525271189875963,0.4963418588809402,0.15243773815732714,1.0348922445797823,0.47,0.15,1.005,0.026454415446708648,0.029892244579782457,0.07590872190010511,True,True,done
safer_y_m015_g35,20036,False,pick_lift_fail,0.5457252335243907,0.055752990589755205,0.5805312511863759,0.044151816927109476,1.0249931689659983,0.47,0.15,1.005,0.1530391954652725,0.019993168965998454,0.005128358840702285,False,False,move_release
safer_y_m015_g35,20037,True,success,0.5695127371383416,-0.02312053544436701,0.4350192377220593,0.126269202036129,1.0477087168533568,0.47,0.15,1.005,0.04227061037586115,0.042708716853356865,0.045719261470780204,True,True,move_release
safer_y_m015_g35,20038,False,pick_lift_fail,0.5544468399763994,-0.045968247112806594,0.7063238016716799,-0.005568221353926576,1.0249931689659983,0.47,0.15,1.005,0.2829318128662448,0.019993168965998454,0.008999500358445323,False,False,move_preplace
safer_y_m015_g35,20039,True,success,0.5565295086690115,0.002977035369992911,0.485828077800308,0.15280220225757282,1.0348922445796966,0.47,0.15,1.005,0.016074214890468223,0.029892244579696747,0.12125238467517585,True,True,done
safer_y_m015_g35,20040,True,success,0.5575023141181821,-0.0022291377679949337,0.4824132049168908,0.15849882688164726,1.0348922445797037,0.47,0.15,1.005,0.015043859699988347,0.029892244579703853,0.1165373815124533,True,True,done
safer_y_m015_g35,20041,True,success,0.5609036899408797,0.04414055807859752,0.4865693441404647,0.16818085633633936,1.0348289319893365,0.47,0.15,1.005,0.024598510165612965,0.02982893198933656,0.10734997157016446,True,True,done
safer_y_m015_g35,20042,False,pick_lift_fail,0.5489073035221895,-0.030360582020551367,0.4511796423658815,0.04523021361729576,1.0249931689659983,0.47,0.15,1.005,0.1064467660389624,0.019993168965998454,0.014334824218690478,False,False,move_release
safer_y_m015_g35,20043,True,success,0.5319144504624543,-0.008417087974580219,0.48836650578932805,0.14639933039857148,1.0348922445763467,0.47,0.15,1.005,0.01871612557363498,0.02989224457634676,0.10370109821069073,True,True,done
safer_y_m015_g35,20044,True,success,0.5309950838798909,-0.03231401313391622,0.48963456969305685,0.14996679472477684,1.0348922445795148,0.47,0.15,1.005,0.01963459777081798,0.029892244579514893,0.10326088350460916,True,True,done
safer_y_m015_g35,20045,True,success,0.4907573739237498,-0.035620240259842444,0.48442614209035845,0.14544843271242408,1.0348922443992334,0.47,0.15,1.005,0.015127139200276552,0.029892244399233547,0.10020441915791878,True,True,done
safer_y_m015_g35,20046,True,success,0.4998740576035798,-0.032697751389226655,0.4854335769170192,0.15683996679099357,1.0348922445774227,0.47,0.15,1.005,0.016881363752832418,0.02989224457742279,0.10005410342608378,True,True,done
safer_y_m015_g35,20047,True,success,0.5165420146585685,-0.04759881254486414,0.494884744756236,0.13709380125342138,1.0348922381377015,0.47,0.15,1.005,0.028032489858541,0.029892238137701588,0.09627898391127787,True,True,done
safer_y_m015_g35,20048,True,success,0.5194601179241859,0.043981892457375264,0.489816222334966,0.17246187602519986,1.0348922445797586,0.47,0.15,1.005,0.02995360649738618,0.029892244579758698,0.0948805840506477,True,True,done
safer_y_m015_g35,20049,False,pick_lift_fail,0.49003267293158087,0.008460199608071123,0.5624347515574233,0.0657747484773627,1.0249931689659992,0.47,0.15,1.005,0.12505229421939482,0.01999316896599934,0.00797368427502021,False,False,move_release
safer_y_m015_g35,20050,False,pick_lift_fail,0.5450508201012151,-0.043936609022992575,0.6807170921344965,0.020464348975105122,1.0249931689659983,0.47,0.15,1.005,0.2473482925028213,0.019993168965998454,0.008552204044718792,False,False,move_preplace
safer_y_m015_g35,20051,False,pick_lift_fail,0.48909342936816597,-0.057688465598297906,0.4581491337366395,0.006270877077693836,1.0249931689659983,0.47,0.15,1.005,0.14421686381005325,0.019993168965998454,0.010207442182140758,False,False,move_release
safer_y_m015_g35,20052,True,success,0.5551540954187749,0.039787142933106985,0.48077165964267854,0.18238478200783567,1.0348922445797823,0.47,0.15,1.005,0.03412920680520934,0.029892244579782457,0.09858647650975016,True,True,done
safer_y_m015_g35,20053,False,pick_lift_fail,0.5594770483482779,-0.0542198958699726,0.603966968129747,-0.07084882206668283,1.0249931689659983,0.47,0.15,1.005,0.258304763328356,0.019993168965998454,0.0018574303668743575,False,False,move_preplace
safer_y_m015_g35,20054,True,success,0.565557625210028,-0.015779712304258744,0.4743531050514814,0.11767058117955578,1.0348922445794255,0.47,0.15,1.005,0.03262117172722227,0.02989224457942563,0.10095516938361282,True,True,done
safer_y_m015_g35,20055,True,success,0.5059019120524358,-0.04842844649156187,0.4955834039244073,0.1470077140259819,1.0348922445797213,0.47,0.15,1.005,0.025757801375693657,0.029892244579721394,0.09538805139501783,True,True,done
safer_y_m015_g35,20056,True,success,0.517713063573271,0.007481800860586609,0.48480669744125776,0.16291727396823544,1.034892244579819,0.47,0.15,1.005,0.019649281307147163,0.029892244579819094,0.10794588532978411,True,True,done
safer_y_m015_g35,20057,True,success,0.5338153824812828,0.01019129973110472,0.49080263910856825,0.14964932860244637,1.0348922444805944,0.47,0.15,1.005,0.02080559454354517,0.029892244480594465,0.11907620476181391,True,True,done
safer_y_m015_g35,20058,True,success,0.5220224614032032,0.03761141033620296,0.4933006619706468,0.17054885095800337,1.034892244579749,0.47,0.15,1.005,0.03106728382019555,0.02989224457974915,0.09692627725878888,True,True,done
safer_y_m015_g35,20059,True,success,0.502938576147163,-0.05687102287609666,0.4804471599660535,0.1400637333542407,1.03489224457961,0.47,0.15,1.005,0.014417785759676865,0.02989224457961015,0.07206593613768209,True,True,done
safer_y_m015_g35,20060,False,pick_lift_fail,0.5348368275911589,0.049802172764807785,0.5764470715212768,0.03527289388337556,1.0249931689659983,0.47,0.15,1.005,0.1565033159819658,0.019993168965998454,0.005001996457937752,False,False,move_release
safer_y_m015_g35,20061,True,success,0.5285683020699129,0.03124564584507172,0.48624683769956245,0.158824253354255,1.0348922445660764,0.47,0.15,1.005,0.01848856896831135,0.02989224456607653,0.11624044752806162,True,True,done
safer_y_m015_g35,20062,True,success,0.5116152993621578,-0.041503568543858387,0.49392645924885675,0.1516415786417569,1.0348922445797688,0.47,0.15,1.005,0.0239827069494725,0.029892244579768912,0.09762407281327334,True,True,done
safer_y_m015_g35,20063,True,success,0.5573234905028843,0.008544796418044828,0.47664263991050787,0.14018426764404984,1.0348922165142809,0.47,0.15,1.005,0.011852141859778724,0.029892216514280978,0.11826285276931903,True,True,done
safer_y_m015_g35,20064,True,success,0.510996886865738,-0.010385680601991201,0.48510459571723386,0.15582124174402584,1.0348922445797737,0.47,0.15,1.005,0.016187515782956605,0.029892244579773797,0.11112349296561619,True,True,done
safer_y_m015_g35,20065,True,success,0.5429245138522758,0.04271173090449238,0.495230628819514,0.14998379252998906,1.0348921485866007,0.47,0.15,1.005,0.02523063402513256,0.02989214858660083,0.0995892855796372,True,True,done
safer_y_m015_g35,20066,True,success,0.5558623942326529,0.0332727871207476,0.4951058842995988,0.175795734914279,1.034892244578382,0.47,0.15,1.005,0.03599618544002398,0.02989224457838202,0.11516422034978957,True,True,done
safer_y_m015_g35,20067,True,success,0.5124215250085811,-0.026767981393239725,0.4879532335098978,0.1521614350023922,1.0348922445795934,0.47,0.15,1.005,0.018082875731765775,0.029892244579593497,0.10844713212171264,True,True,done
safer_y_m015_g35,20068,True,success,0.5172372432763073,-0.03763111825565094,0.49390898927186755,0.14544481502139267,1.0348922445793916,0.47,0.15,1.005,0.024339052532742697,0.029892244579391658,0.10228638819904834,True,True,done
safer_y_m015_g35,20069,True,success,0.5113528874757686,0.030222341809731695,0.48465058489819524,0.17233366936948394,1.034892244576988,0.47,0.15,1.005,0.026710155846880648,0.029892244576988025,0.10137278633738234,True,True,done
safer_y_m015_g35,20070,True,success,0.5616471249977971,0.041081857669471845,0.49243924264264505,0.16290989560841995,1.0348922445784454,0.47,0.15,1.005,0.02588793184083661,0.029892244578445526,0.11632390565089068,True,True,done
safer_y_m015_g35,20071,True,success,0.5593709802781711,0.04454375219450981,0.4890917922869934,0.17618313729538868,1.034892244579773,0.47,0.15,1.005,0.03240452455073019,0.02989224457977313,0.10749196541217376,True,True,done
safer_y_m015_g35,20072,True,success,0.5544957035349115,-0.003409606129831651,0.48378551001944997,0.1433501091483448,1.0348922437295234,0.47,0.15,1.005,0.01530559815346279,0.029892243729523482,0.11713774766543139,True,True,done
safer_y_m015_g35,20073,False,place_xy_fail,0.49369389346026843,0.042357650586650634,0.4897344702977695,0.04559855901633832,1.0249931689659983,0.47,0.15,1.005,0.10625022445810897,0.019993168965998454,0.015212915776087854,True,False,done
safer_y_m015_g35,20074,True,success,0.48939977234891646,-0.007006489287979565,0.4853298349381904,0.15371290030635618,1.0348922445787911,0.47,0.15,1.005,0.015773061463048414,0.02989224457879125,0.09596589458757343,True,True,done
safer_y_m015_g35,20075,True,success,0.5281918524577128,-0.005075952856633235,0.484192011804225,0.14493904088066337,1.034892242583633,0.47,0.15,1.005,0.015067398788737855,0.02989224258363321,0.10515113692598765,True,True,done
safer_y_m015_g35,20076,False,pick_lift_fail,0.5562223120309182,-0.04649359283001519,0.706196641239372,-0.007875071335691538,1.0249931689659983,0.47,0.15,1.005,0.28410102337374693,0.019993168965998454,0.008744785871749094,False,False,move_preplace
safer_y_m015_g35,20077,False,pick_lift_fail,0.5219213446267054,0.059540306712907165,0.5465238086022554,0.05203363216148224,1.024991005166968,0.47,0.15,1.005,0.12431131288207997,0.019991005166968057,0.004484363632088151,False,False,move_release
safer_y_m015_g35,20078,True,success,0.5672355819744764,0.043848163208958936,0.5023931516165177,0.17113902835121,1.0348922445797823,0.47,0.15,1.005,0.03868041870616142,0.029892244579782457,0.09007459796499773,True,True,done
safer_y_m015_g35,20079,False,pick_lift_fail,0.5663061142661783,0.05496862022949886,0.5492548156801329,0.05163521465612581,1.0249931689659983,0.47,0.15,1.005,0.126320848652304,0.019993168965998454,0.011368135773752286,False,False,move_preplace
safer_y_m015_g35,20080,True,success,0.5628792025651642,-0.0020580437334934035,0.4888600653548495,0.15999344739728336,1.0348922445770599,0.47,0.15,1.005,0.02134411057110286,0.029892244577059968,0.11754161356319037,True,True,done
safer_y_m015_g35,20081,False,pick_lift_fail,0.5482172521949474,0.05608632567991667,0.5808926115656284,0.045332281097863,1.0249931689659983,0.47,0.15,1.005,0.15248771321002266,0.019993168965998454,0.004159838549708583,False,False,move_preplace
safer_y_m015_g35,20082,True,success,0.5493232107943924,0.01506495400525052,0.494310281808915,0.15133741997933417,1.0348922442816917,0.47,0.15,1.005,0.024347042814887962,0.029892244281691793,0.11027869251153999,True,True,done
safer_y_m015_g35,20083,True,success,0.5004310641053036,-0.04409798575485082,0.49191509635955866,0.145434709178722,1.0348922445799018,0.47,0.15,1.005,0.022385560719615387,0.029892244579901917,0.0987696554358879,True,True,done
safer_y_m015_g35,20084,False,place_xy_fail,0.5686663818264457,-0.04552384687012393,0.42410135405424326,0.08940203128213918,1.065133566310565,0.47,0.15,1.005,0.07601841561348649,0.0601335663105651,0.05039594149264004,True,False,move_release
safer_y_m015_g35,20085,True,success,0.4849958033817367,-0.04435656268794333,0.49478804196221127,0.1640086576311119,1.0348922445641828,0.47,0.15,1.005,0.02847260987240294,0.029892244564182935,0.09526666019801233,True,True,done
safer_y_m015_g35,20086,True,success,0.5417105400053828,-0.03532273492780067,0.43152371388851546,0.11261758176655913,1.0348922445797823,0.47,0.15,1.005,0.05364578069068161,0.029892244579782457,0.059745150682587456,True,True,move_release
safer_y_m015_g35,20087,True,success,0.5387209163633734,-0.0314180821838796,0.4870191846117227,0.13566355564459714,1.034892243825024,0.47,0.15,1.005,0.0222527814352153,0.0298922438250242,0.11151599170112392,True,True,done
safer_y_m015_g35,20088,True,success,0.4808570386065388,0.030553266564067327,0.482296836452292,0.15453485814554813,1.0348922445696322,0.47,0.15,1.005,0.01310637726966006,0.029892244569632354,0.0985010594325324,True,True,done
safer_y_m015_g35,20089,True,success,0.5462887971476331,0.044814549741615896,0.49259171751849634,0.15590584023716036,1.0348922446436755,0.47,0.15,1.005,0.02335090253806902,0.02989224464367557,0.10728508044562957,True,True,done
safer_y_m015_g35,20090,True,success,0.48476475047788825,-0.004789069127400006,0.4829907502125891,0.16535843859729937,1.0348922444281798,0.47,0.15,1.005,0.020115696041472175,0.029892244428179948,0.09381810175272709,True,True,done
safer_y_m015_g35,20091,True,success,0.519801386710041,-0.05995391299001121,0.4345982967313155,0.11365868922885573,1.0348922445797823,0.47,0.15,1.005,0.050734322335957836,0.029892244579782457,0.04624190005373352,True,True,move_release
safer_y_m015_g35,20092,False,pick_lift_fail,0.5354406483739776,0.05408107834566529,0.5744673754388171,0.05226236390418917,1.0249931689659983,0.47,0.15,1.005,0.14305970096666606,0.019993168965998454,0.003604833506779981,False,False,move_release
safer_y_m015_g35,20093,False,pick_lift_fail,0.4849679904955954,-0.0481781026360115,0.5021770530312132,-0.08758607112334342,1.0249931689659983,0.47,0.15,1.005,0.23975509156970973,0.019993168965998454,0.006658120201159301,False,False,move_release
safer_y_m015_g35,20094,True,success,0.4991182869562506,-0.04908410948247228,0.49892361168710647,0.14238253834128897,1.0348922445785176,0.47,0.15,1.005,0.029909881897935607,0.02989224457851769,0.09275415870602477,True,True,done
safer_y_m015_g35,20095,True,success,0.5505385165450053,-0.02899641467056993,0.455092207687791,0.11459257064241074,1.0348922445797823,0.47,0.15,1.005,0.03841781260478829,0.029892244579782457,0.046323966578569076,True,True,move_release
safer_y_m015_g35,20096,True,success,0.517424751564311,0.040230686656249355,0.49276881543571766,0.18113232434196017,1.0348922445797823,0.47,0.15,1.005,0.03856994393668186,0.029892244579782457,0.09494959362859046,True,True,done
safer_y_m015_g35,20097,True,success,0.49751428771114087,0.023305635247300265,0.49020178457258107,0.15540264418393845,1.0348922445790776,0.47,0.15,1.005,0.020911735080935287,0.029892244579077687,0.10835408612476938,True,True,done
safer_y_m015_g35,20098,False,place_xy_fail,0.5578127320194205,-0.025231535464431618,0.35995687963963285,0.07007840704250977,1.0249931689659992,0.47,0.15,1.005,0.13600349024752634,0.01999316896599934,0.03416860724968074,True,False,move_release
safer_y_m015_g35,20099,False,place_xy_fail,0.5154129514528208,0.050595861516750586,0.5389232654406027,0.047984532856595534,1.0249931689659983,0.47,0.15,1.005,0.12311609178122415,0.019993168965998454,0.04321786984657372,True,False,done
safer_y_m015_g35,20100,True,success,0.5098449887736481,0.009292761205159442,0.4815813668166914,0.15665677066949948,1.0348922445795898,0.47,0.15,1.005,0.013358168028927838,0.029892244579589944,0.10927020007237598,True,True,done
alt_x_m010_g35,20001,True,success,0.486226970803375,0.035360820362034036,0.48810156761348544,0.10908525537943936,1.0349537992493731,0.47,0.15,1.005,0.04474017297051142,0.029953799249373247,0.0493823214701028,True,True,done
alt_x_m010_g35,20002,True,success,0.5505745377918965,-0.05738409797493881,0.46981190568722053,0.12140296649079772,1.034892173988482,0.47,0.15,1.005,0.028597652088885508,0.029892173988482096,0.07919026516946759,True,True,done
alt_x_m010_g35,20003,True,success,0.5112793740987902,-0.010426723930367088,0.48140677413525196,0.15169723780238675,1.0348922445797213,0.47,0.15,1.005,0.01153235068537652,0.029892244579721394,0.10244961661191465,True,True,done
alt_x_m010_g35,20004,True,success,0.5387775185472695,0.016919749131488287,0.4735998686445173,0.1517863484902927,1.0348922445566326,0.47,0.15,1.005,0.004018718102399089,0.029892244556632752,0.10844154478675216,True,True,done
alt_x_m010_g35,20005,True,success,0.5145599115624737,-0.025034387981481273,0.48138911658075756,0.15023017117479834,1.034892244579749,0.47,0.15,1.005,0.011391442194024224,0.02989224457974915,0.10410696346837311,True,True,done
alt_x_m010_g35,20006,True,success,0.4975161176560531,-0.05151234907797297,0.4865510938622411,0.1522040195457233,1.0348922445797089,0.47,0.15,1.005,0.01669719767489881,0.02989224457970896,0.08781259156466459,True,True,done
alt_x_m010_g35,20007,True,success,0.553579563569466,-0.034598744639487485,0.4890939338193174,0.17570077973487744,1.034892241843125,0.47,0.15,1.005,0.03201731387354598,0.02989224184312511,0.11575161653204846,True,True,done
alt_x_m010_g35,20008,True,success,0.5631813414527421,0.0200303831571985,0.4900938717003014,0.15620777111642026,1.034892244574324,0.47,0.15,1.005,0.021030932032176694,0.029892244574324156,0.10925811844880284,True,True,done
alt_x_m010_g35,20009,True,success,0.5114806110968011,-0.013607194573201514,0.481565541975028,0.15789790040307541,1.0348922445793491,0.47,0.15,1.005,0.014004948837929892,0.029892244579349248,0.10112334887453112,True,True,done
alt_x_m010_g35,20010,True,success,0.5416882582579333,-0.04951968339696892,0.48602451681124714,0.1448085707691918,1.034892244579775,0.47,0.15,1.005,0.016844467236823875,0.02989224457977513,0.10604048979825098,True,True,done
alt_x_m010_g35,20011,True,success,0.4879607240099943,-0.02648276548331414,0.4842041095349023,0.1571406002363089,1.0348922445777575,0.47,0.15,1.005,0.015897952679960952,0.029892244577757632,0.09964164194560965,True,True,done
alt_x_m010_g35,20012,True,success,0.4827787657672737,-0.01874352746872062,0.48180983611063166,0.15188905391426005,1.034892244549631,0.47,0.15,1.005,0.011959964617462772,0.02989224454963102,0.09296292073839707,True,True,done
alt_x_m010_g35,20013,True,success,0.5524741676709732,0.03559140975267427,0.4951540038521001,0.172623114240567,1.0348922445797792,0.47,0.15,1.005,0.033830891323363255,0.029892244579779348,0.10254922904937835,True,True,done
alt_x_m010_g35,20014,True,success,0.5539767445600826,-0.012172428418734112,0.48462568353085894,0.1355878900731295,1.0348916956864407,0.47,0.15,1.005,0.02053337603242678,0.02989169568644079,0.11168182129214821,True,True,done
alt_x_m010_g35,20015,True,success,0.5345723332486214,0.039414843443562754,0.49500000051957427,0.17137812221511511,1.0348922445780047,0.47,0.15,1.005,0.03289413527398331,0.029892244578004767,0.09668398965705527,True,True,done
alt_x_m010_g35,20016,True,success,0.5196210099979939,-0.0554805518433347,0.494718903966625,0.15116748655224446,1.0348922445797726,0.47,0.15,1.005,0.02474645910349401,0.029892244579772687,0.09752175615873915,True,True,done
alt_x_m010_g35,20017,True,success,0.5216274558748167,0.021871633923301725,0.47529847434453326,0.1490598659094227,1.0348922445788842,0.47,0.15,1.005,0.005381234290378284,0.029892244578884286,0.1032468061697176,True,True,done
alt_x_m010_g35,20018,True,success,0.5153876303002997,-0.006235182375920769,0.4849817940180822,0.1599892714337739,1.0348922445796997,0.47,0.15,1.005,0.01800665698506684,0.029892244579699856,0.10519296909226594,True,True,done
alt_x_m010_g35,20019,True,success,0.4896965211600334,-0.014717370932963238,0.48017229630435787,0.1508490722768953,1.03489224455812,0.47,0.15,1.005,0.010207670441145988,0.029892244558120007,0.1020334512946881,True,True,done
alt_x_m010_g35,20020,True,success,0.5134650170102072,0.006615026403199064,0.48207925025431403,0.14965418263897012,1.0348922438847394,0.47,0.15,1.005,0.012084199450254693,0.029892243884739544,0.10765128625281806,True,True,done
alt_x_m010_g35,20021,True,success,0.4991980901256954,-0.022231183648717436,0.47981674935681884,0.15903928102639336,1.0348922444557387,0.47,0.15,1.005,0.01334455579660555,0.029892244455738792,0.09682596466463056,True,True,done
alt_x_m010_g35,20022,True,success,0.5217388845850612,0.03211523437108114,0.4931755290805004,0.18420753773584214,1.034892244577606,0.47,0.15,1.005,0.04131901240482624,0.029892244577606197,0.0955287325632892,True,True,done
alt_x_m010_g35,20023,True,success,0.5511715956754867,0.03614689069950656,0.49511248820688675,0.17060171798048204,1.03489224457978,0.47,0.15,1.005,0.03248180794981007,0.029892244579780014,0.10017205657171191,True,True,done
alt_x_m010_g35,20024,False,pick_lift_fail,0.4817351864766834,0.04681249650851919,0.4883025229614845,0.058154736533617274,1.0249931689659983,0.47,0.15,1.005,0.093651133297814,0.019993168965998454,0.0029819954868794962,False,False,done
alt_x_m010_g35,20025,True,success,0.5220418002900109,-0.045397109042044505,0.4855696476890496,0.146786319929425,1.0348922445770654,0.47,0.15,1.005,0.015897851073561446,0.02989224457706552,0.0990375488831976,True,True,done
alt_x_m010_g35,20026,True,success,0.5096079359959667,0.010749883849055564,0.4803482719369378,0.1548589039319868,1.0348922445788036,0.47,0.15,1.005,0.011432221109700946,0.029892244578803684,0.10399753591651528,True,True,done
alt_x_m010_g35,20027,True,success,0.5213486785792165,0.0016679306057490427,0.48206460235003473,0.15382370429132683,1.0348922445790594,0.47,0.15,1.005,0.012656039837641768,0.02989224457905948,0.1074243768034604,True,True,done
alt_x_m010_g35,20028,True,success,0.4962405961783344,0.019281531345244667,0.48635431975729937,0.15069014344628842,1.0348922445767046,0.47,0.15,1.005,0.016368875120192233,0.029892244576704696,0.09607940058849707,True,True,done
alt_x_m010_g35,20029,True,success,0.49293833197632814,-0.04737600355976009,0.48513709338293104,0.14743938801556988,1.034892244579761,0.47,0.15,1.005,0.01535214414400746,0.02989224457976114,0.09694553994869048,True,True,done
alt_x_m010_g35,20030,True,success,0.51245364827356,0.006822542829768349,0.4776020234808694,0.15533195581816725,1.034892244579608,0.47,0.15,1.005,0.009285500193881725,0.02989224457960815,0.10462283596298971,True,True,done
alt_x_m010_g35,20031,True,success,0.5497571934389812,0.021979332413977478,0.48537858968923764,0.14978349991556283,1.0348922439259935,0.47,0.15,1.005,0.015380113559934735,0.029892243925993656,0.11187853837425976,True,True,done
alt_x_m010_g35,20032,True,success,0.5099871626071145,-0.031955100136249755,0.4822836477842476,0.14893087019968357,1.0348922441427446,0.47,0.15,1.005,0.012330086837381807,0.029892244142744717,0.10265648960983986,True,True,done
alt_x_m010_g35,20033,True,success,0.5362543194201437,-0.02708771601743008,0.48830691404072296,0.1456525970025197,1.0348922445797,0.47,0.15,1.005,0.0188160307853947,0.029892244579700078,0.10791554859383745,True,True,done
alt_x_m010_g35,20034,True,success,0.4800301736155342,-0.004286986081570545,0.48439778867795563,0.15529590417180236,1.0348922445755098,0.47,0.15,1.005,0.015340890450426333,0.029892244575509874,0.09949607944263295,True,True,done
alt_x_m010_g35,20035,True,success,0.537426650932211,-0.027525271189875963,0.4840693490521179,0.14160100761260155,1.0348922438105708,0.47,0.15,1.005,0.01638565396540244,0.029892243810570873,0.10549044362295223,True,True,done
alt_x_m010_g35,20036,False,pick_lift_fail,0.5457252335243907,0.055752990589755205,0.4916002274025193,0.029324630623778193,1.0249931689659983,0.47,0.15,1.005,0.12259328936743691,0.019993168965998454,0.013888071056518125,False,False,done
alt_x_m010_g35,20037,True,success,0.5695127371383416,-0.02312053544436701,0.4865739588815764,0.15104512590559943,1.0348922445796178,0.47,0.15,1.005,0.016606878128255804,0.02989224457961792,0.11582916832891654,True,True,done
alt_x_m010_g35,20038,True,success,0.5544468399763994,-0.045968247112806594,0.4826901498808376,0.13340370857088102,1.034892244575996,0.47,0.15,1.005,0.020892027024641976,0.029892244575996152,0.10792068392421328,True,True,done
alt_x_m010_g35,20039,True,success,0.5565295086690115,0.002977035369992911,0.48819720372911735,0.15541615876989354,1.0348922445795075,0.47,0.15,1.005,0.018986126497516496,0.029892244579507565,0.11213171876688777,True,True,done
alt_x_m010_g35,20040,True,success,0.5575023141181821,-0.0022291377679949337,0.5004974071067325,0.18151234441109065,1.034890632537346,0.47,0.15,1.005,0.043853388586481856,0.02989063253734603,0.10461345358714924,True,True,done
alt_x_m010_g35,20041,False,pick_lift_fail,0.5609036899408797,0.04414055807859752,0.5609036899408797,0.04414055807859752,1.0249931689659983,0.47,0.15,1.005,0.1395338750582753,0.019993168965998454,0.0,False,False,move_preplace
alt_x_m010_g35,20042,True,success,0.5489073035221895,-0.030360582020551367,0.4793854809689677,0.14930430412429366,1.0348922445794773,0.47,0.15,1.005,0.009411229769287884,0.029892244579477367,0.11065658191442274,True,True,done
alt_x_m010_g35,20043,True,success,0.5319144504624543,-0.008417087974580219,0.4828120114381137,0.13931168243003952,1.0348921599711278,0.47,0.15,1.005,0.016684956384919996,0.02989215997112793,0.10381595523441178,True,True,done
alt_x_m010_g35,20044,True,success,0.5309950838798909,-0.03231401313391622,0.48700465957689093,0.15450763741681212,1.034892244579295,0.47,0.15,1.005,0.01759196527984847,0.02989224457929507,0.10567780728765652,True,True,done
alt_x_m010_g35,20045,True,success,0.4907573739237498,-0.035620240259842444,0.48169449667034864,0.15161438155260107,1.0348922445774917,0.47,0.15,1.005,0.011805400466319416,0.029892244577491844,0.09437812633472742,True,True,done
alt_x_m010_g35,20046,True,success,0.4998740576035798,-0.032697751389226655,0.4818272285089581,0.16575552670981575,1.0348922443745083,0.47,0.15,1.005,0.019700760292608744,0.029892244374508437,0.09964801017707425,True,True,done
alt_x_m010_g35,20047,True,success,0.5165420146585685,-0.04759881254486414,0.4879840976899696,0.15073298387719444,1.0348922445799642,0.47,0.15,1.005,0.017999028726200683,0.02989224457996431,0.09910529733773621,True,True,done
alt_x_m010_g35,20048,False,place_xy_fail,0.5194601179241859,0.043981892457375264,0.4908546888543828,0.04170946247009365,1.0249931689659983,0.47,0.15,1.005,0.11028036346389676,0.019993168965998454,0.04035111795808333,True,False,done
alt_x_m010_g35,20049,True,success,0.49003267293158087,0.008460199608071123,0.4782252509152921,0.15215989675526154,1.0348922445791704,0.47,0.15,1.005,0.008504111159486539,0.0298922445791705,0.10112214257338059,True,True,done
alt_x_m010_g35,20050,True,success,0.5450508201012151,-0.043936609022992575,0.48404190884520565,0.14744812686208078,1.0348922445797424,0.47,0.15,1.005,0.014271904586602975,0.02989224457974249,0.10765142267244654,True,True,done
alt_x_m010_g35,20051,True,success,0.48909342936816597,-0.057688465598297906,0.4888752403986449,0.1484520444011603,1.0348922445796516,0.47,0.15,1.005,0.01893860783274779,0.029892244579651672,0.09319366905726478,True,True,done
alt_x_m010_g35,20052,True,success,0.5551540954187749,0.039787142933106985,0.49224684201940005,0.16918912850077344,1.0348922445797792,0.47,0.15,1.005,0.029379323213024174,0.029892244579779348,0.10449547619038246,True,True,done
alt_x_m010_g35,20053,True,success,0.5594770483482779,-0.0542198958699726,0.44681306772395935,0.12123246670861267,1.0348922445797823,0.47,0.15,1.005,0.03694867792012013,0.029892244579782457,0.05979841140452691,True,True,done
alt_x_m010_g35,20054,True,success,0.565557625210028,-0.015779712304258744,0.48974341670008026,0.14837209019722236,1.0348922445858146,0.47,0.15,1.005,0.019810416283334093,0.029892244585814742,0.11305861952103102,True,True,done
alt_x_m010_g35,20055,True,success,0.5059019120524358,-0.04842844649156187,0.4842684221263715,0.14552934828799952,1.0348922445724937,0.47,0.15,1.005,0.014952411066658828,0.029892244572493842,0.10467771675598359,True,True,done
alt_x_m010_g35,20056,True,success,0.517713063573271,0.007481800860586609,0.4824456403617399,0.15292231066035322,1.0348922445477269,0.47,0.15,1.005,0.012784125453443606,0.029892244547726987,0.10669534251559165,True,True,done
alt_x_m010_g35,20057,True,success,0.5338153824812828,0.01019129973110472,0.4900387123755265,0.15875527280410698,1.0348922445551507,0.47,0.15,1.005,0.021867894172585865,0.029892244555150826,0.11755423532518483,True,True,done
alt_x_m010_g35,20058,False,place_xy_fail,0.5220224614032032,0.03761141033620296,0.5129184687755901,0.05278156636820527,1.0249931689659983,0.47,0.15,1.005,0.10627049825732907,0.019993168965998454,0.044408199827570716,True,False,done
alt_x_m010_g35,20059,True,success,0.502938576147163,-0.05687102287609666,0.48897355085589306,0.14618385245391274,1.0348922445795101,0.47,0.15,1.005,0.019353516842544896,0.02989224457951023,0.08966722327396282,True,True,done
alt_x_m010_g35,20060,False,place_xy_fail,0.5348368275911589,0.049802172764807785,0.47369813961217716,0.05184491826753458,1.0249931689659983,0.47,0.15,1.005,0.09822472349921947,0.019993168965998454,0.024441716073250852,True,False,done
alt_x_m010_g35,20061,False,place_xy_fail,0.5285683020699129,0.03124564584507172,0.5193404205976232,0.08694997454919724,1.0649408973380734,0.47,0.15,1.005,0.08006111924084772,0.05994089733807351,0.04630994646791087,True,False,done
alt_x_m010_g35,20062,True,success,0.5116152993621578,-0.041503568543858387,0.4900721315514496,0.15272699402321563,1.0348922445771234,0.47,0.15,1.005,0.02025652885914446,0.029892244577123472,0.10358344076603099,True,True,done
alt_x_m010_g35,20063,True,success,0.5573234905028843,0.008544796418044828,0.4891304887871518,0.1566479554911523,1.0348922445798068,0.47,0.15,1.005,0.02025267669834495,0.02989224457980688,0.11097173344941802,True,True,done
alt_x_m010_g35,20064,True,success,0.510996886865738,-0.010385680601991201,0.48345480292836485,0.1507481276512801,1.0348922445795372,0.47,0.15,1.005,0.013475585954745933,0.02989224457953732,0.10468605202741066,True,True,done
alt_x_m010_g35,20065,False,place_xy_fail,0.5429245138522758,0.04271173090449238,0.5291764278190643,0.10391814143468443,1.0649241636918523,0.47,0.15,1.005,0.07500258194394827,0.05992416369185238,0.048706768206769446,True,False,done
alt_x_m010_g35,20066,True,success,0.5558623942326529,0.0332727871207476,0.4923567301676619,0.16518802215945486,1.03489224457965,0.47,0.15,1.005,0.027027752420535026,0.029892244579650118,0.10489440028217234,True,True,done
alt_x_m010_g35,20067,True,success,0.5124215250085811,-0.026767981393239725,0.48242179636445753,0.15004904316825193,1.0348922445797373,0.47,0.15,1.005,0.012421893179077142,0.02989224457973738,0.10041208513272792,True,True,done
alt_x_m010_g35,20068,True,success,0.5172372432763073,-0.03763111825565094,0.48357170521794973,0.16682119578662075,1.0348922445669526,0.47,0.15,1.005,0.02161350990040147,0.02989224456695272,0.11033053544868965,True,True,done
alt_x_m010_g35,20069,False,place_xy_fail,0.5113528874757686,0.030222341809731695,0.5156117678407426,0.04782498662694683,1.0249931689659983,0.47,0.15,1.005,0.11189355085679153,0.019993168965998454,0.04261871174015841,True,False,done
alt_x_m010_g35,20070,True,success,0.5616471249977971,0.041081857669471845,0.49557359055335576,0.17496875875462617,1.0348922445797804,0.47,0.15,1.005,0.03574139683248837,0.029892244579780458,0.10642503297103745,True,True,done
alt_x_m010_g35,20071,True,success,0.5593709802781711,0.04454375219450981,0.4950516709064691,0.1769778292923098,1.0348922445797823,0.47,0.15,1.005,0.03681561473792121,0.029892244579782457,0.10222520274299352,True,True,done
alt_x_m010_g35,20072,True,success,0.5544957035349115,-0.003409606129831651,0.4889147820025123,0.1538631899219112,1.0348922445796787,0.47,0.15,1.005,0.01930526390846085,0.02989224457967876,0.11241477101473851,True,True,done
alt_x_m010_g35,20073,True,success,0.49369389346026843,0.042357650586650634,0.49894730411339605,0.1103330342415315,1.0341149963484204,0.47,0.15,1.005,0.04910615631381619,0.02911499634842052,0.05113678150129064,True,True,done
alt_x_m010_g35,20074,True,success,0.48939977234891646,-0.007006489287979565,0.4780186650490785,0.154990413014071,1.0348922445744309,0.47,0.15,1.005,0.009444745164392856,0.02989224457443096,0.1004939055706866,True,True,done
alt_x_m010_g35,20075,True,success,0.5281918524577128,-0.005075952856633235,0.48165212016368814,0.16480428044721704,1.034892244579074,0.47,0.15,1.005,0.018839814857606246,0.029892244579074134,0.11086456400165234,True,True,done
alt_x_m010_g35,20076,True,success,0.5562223120309182,-0.04649359283001519,0.48737389805513687,0.12722154982040432,1.034892244570291,0.47,0.15,1.005,0.028648038784786157,0.02989224457029116,0.10400218723051391,True,True,done
alt_x_m010_g35,20077,False,pick_lift_fail,0.5219213446267054,0.059540306712907165,0.539411905818098,0.05633760523541027,1.0249931689659983,0.47,0.15,1.005,0.11657897264231809,0.019993168965998454,0.005531345052393721,False,False,move_release
alt_x_m010_g35,20078,True,success,0.5672355819744764,0.043848163208958936,0.4960006121562953,0.17667238138200822,1.0348922445797823,0.47,0.15,1.005,0.03724845984855471,0.029892244579782457,0.1052140425021173,True,True,done
alt_x_m010_g35,20079,False,pick_lift_fail,0.5663061142661783,0.05496862022949886,0.5663061142661783,0.05496862022949886,1.0249931689659983,0.47,0.15,1.005,0.13529904207397553,0.019993168965998454,0.0,False,False,move_preplace
alt_x_m010_g35,20080,True,success,0.5628792025651642,-0.0020580437334934035,0.48240661710927146,0.13966236007543167,1.03489224365579,0.47,0.15,1.005,0.016149023106866153,0.02989224365579002,0.11552462437045863,True,True,done
alt_x_m010_g35,20081,False,pick_lift_fail,0.5482172521949474,0.05608632567991667,0.5139406991660271,0.055409371373874666,1.0249931689659983,0.47,0.15,1.005,0.10429847586175389,0.019993168965998454,0.011331396488793999,False,False,done
alt_x_m010_g35,20082,True,success,0.5493232107943924,0.01506495400525052,0.491306678699151,0.17204681549340187,1.0348922445792375,0.47,0.15,1.005,0.030660016806729924,0.02989224457923756,0.11414630727060637,True,True,done
alt_x_m010_g35,20083,True,success,0.5004310641053036,-0.04409798575485082,0.48105040725815973,0.1530519281135139,1.0348922445785054,0.47,0.15,1.005,0.011464107718494551,0.029892244578505478,0.08847230361328884,True,True,done
alt_x_m010_g35,20084,False,place_xy_fail,0.5686663818264457,-0.04552384687012393,0.39354812538372136,0.03378741892125641,1.0249931689659983,0.47,0.15,1.005,0.13910518729841362,0.019993168965998454,0.04293973152480346,True,False,move_release
alt_x_m010_g35,20085,True,success,0.4849958033817367,-0.04435656268794333,0.48874766857450364,0.15517624313480452,1.0348922445796098,0.47,0.15,1.005,0.019449127743167382,0.029892244579609928,0.0952482159351471,True,True,done
alt_x_m010_g35,20086,True,success,0.5417105400053828,-0.03532273492780067,0.4865217470659989,0.15395620832295195,1.0348922445796727,0.47,0.15,1.005,0.016988811330032414,0.029892244579672766,0.10824210759512587,True,True,done
alt_x_m010_g35,20087,True,success,0.5387209163633734,-0.0314180821838796,0.4784069281419832,0.14738336156316564,1.0348922445758773,0.47,0.15,1.005,0.008804728132860701,0.029892244575877358,0.10554273745213849,True,True,done
alt_x_m010_g35,20088,False,pick_lift_fail,0.4808570386065388,0.030553266564067327,0.4854921297581484,0.0441171195915113,1.0249931689659983,0.47,0.15,1.005,0.10701023524897807,0.019993168965998454,0.009497912931079489,False,False,done
alt_x_m010_g35,20089,True,success,0.5462887971476331,0.044814549741615896,0.4950357080915358,0.1776910760318928,1.0406150623519161,0.47,0.15,1.005,0.037330716192549275,0.03561506235191625,0.0959479849685465,True,True,done
alt_x_m010_g35,20090,True,success,0.48476475047788825,-0.004789069127400006,0.4812298148346993,0.15625759378784115,1.034892243666048,0.47,0.15,1.005,0.012855591049627437,0.029892243666048035,0.08844465168353266,True,True,done
alt_x_m010_g35,20091,True,success,0.519801386710041,-0.05995391299001121,0.4938243766561425,0.1525716790353112,1.0348922445797293,0.47,0.15,1.005,0.023962772296093105,0.029892244579729388,0.09784257798697471,True,True,done
alt_x_m010_g35,20092,False,place_xy_fail,0.5354406483739776,0.05408107834566529,0.522998034755177,0.03827211287484672,1.0249931689659983,0.47,0.15,1.005,0.12366047246134047,0.019993168965998454,0.028711440418835776,True,False,done
alt_x_m010_g35,20093,True,success,0.4849679904955954,-0.0481781026360115,0.4871008534249334,0.15292545519276823,1.0348922445794222,0.47,0.15,1.005,0.017349278830716644,0.0298922445794223,0.10079472954410296,True,True,done
alt_x_m010_g35,20094,True,success,0.4991182869562506,-0.04908410948247228,0.48090709371288287,0.14478336563694885,1.0348922445193622,0.47,0.15,1.005,0.01209040807166473,0.029892244519362343,0.10452251274390623,True,True,done
alt_x_m010_g35,20095,True,success,0.5505385165450053,-0.02899641467056993,0.4835201997973222,0.15707433486486752,1.034892244578403,0.47,0.15,1.005,0.01525916171812174,0.029892244578403115,0.10764885354298181,True,True,done
alt_x_m010_g35,20096,False,place_xy_fail,0.517424751564311,0.040230686656249355,0.4966436587895561,0.039135312424345155,1.0249931689659983,0.47,0.15,1.005,0.11402132916670393,0.019993168965998454,0.03880929202427441,True,False,done
alt_x_m010_g35,20097,True,success,0.49751428771114087,0.023305635247300265,0.47949453061821545,0.15293392998414812,1.0348922445211588,0.47,0.15,1.005,0.009937507575449422,0.029892244521158906,0.0957994160670208,True,True,done
alt_x_m010_g35,20098,True,success,0.5578127320194205,-0.025231535464431618,0.48529089483302135,0.15082842807855454,1.034892244579773,0.47,0.15,1.005,0.015313319622990219,0.02989224457977313,0.11098114639391499,True,True,done
alt_x_m010_g35,20099,False,place_xy_fail,0.5154129514528208,0.050595861516750586,0.491958128245808,0.039565504488179054,1.0249931689659983,0.47,0.15,1.005,0.11259634627735374,0.019993168965998454,0.038778235432027186,True,False,done
alt_x_m010_g35,20100,True,success,0.5098449887736481,0.009292761205159442,0.4822704929129026,0.15667613407397457,1.0348922445794921,0.47,0.15,1.005,0.013969100275224512,0.029892244579492244,0.10325478851798242,True,True,done
