attempt_index,seed,cube_x,cube_y,pick_success,place_success,lift_delta,final_lift_delta,xy_dist,z_margin,num_success_so_far
1,40002,0.5393383440115836,0.027620791808659374,True,True,0.10130577332106316,0.10130577332106316,0.03608476332596499,0.029892244579782457,1
2,40003,0.5388521713057646,0.04235251790832288,True,True,0.09952519413120675,0.09952519413120675,0.04548884233063296,0.029892244579782457,2
3,40004,0.5060880171967614,0.07693884553349356,False,False,1.296630580682745e-09,1.296630580682745e-09,0.09857926595021561,0.019993168965998454,2
4,40005,0.5313018992282784,0.05840761102021717,False,False,0.0,0.0,0.10893137515672015,0.019993168965998454,2
5,40006,0.5322814315040559,0.03587843030569178,True,True,0.10035282542826351,0.10035282542826351,0.03393188173554881,0.043696097623747265,3
6,40007,0.5490526831930111,0.052350519016889585,True,True,0.09662627435454274,0.0965189872087957,0.038963903420953516,0.029892244579782457,4
7,40008,0.5362079548580573,0.042226634952020975,True,True,0.09890599228355956,0.09890599228355956,0.04631353529849926,0.029892244579782457,5
8,40009,0.527953284876329,0.07478444226924871,True,True,0.09966635778408661,0.09966635778408661,0.025186200126128055,0.029892244579782457,6
9,40010,0.5068896525222139,0.0204554872427883,True,True,0.10111580910922058,0.10111580910922058,0.03842687458728673,0.029892244579782457,7
10,40011,0.5035952953851213,0.030250935153882233,True,True,0.09504588563845551,0.09504588563845551,0.016719813141833323,0.029892244579782457,8
11,40012,0.5187486381016797,0.03470475110877823,True,True,0.10254916678014947,0.10254916678014947,0.04194884617944091,0.029892244579782457,9
12,40013,0.4989352795121018,0.032224249003464114,True,True,0.09986579411401464,0.09986579411401464,0.02414240065994653,0.029892244579782457,10
13,40014,0.5338542501045901,0.0761031510745512,False,False,7.773781618425346e-13,7.773781618425346e-13,0.1168620116426465,0.019993168965998454,10
14,40015,0.5367638563999115,0.02269181056279403,True,True,0.0956091384076736,0.0937331955616505,0.023223386179908784,0.029892244579782457,11
15,40016,0.5193979148036544,0.042492543955161055,True,True,0.10281192017669705,0.10281192017669705,0.04494462848771485,0.029892244579782457,12
16,40017,0.49060257725924233,0.03670164942488708,True,True,0.09995862577662118,0.09995862577662118,0.03822436483447632,0.029892244579782457,13
17,40018,0.4939448142610841,0.03044509578496657,True,True,0.0978501086264616,0.0978501086264616,0.03874380589431181,0.029892244579782457,14
18,40019,0.5348759241205033,0.05098596250032274,True,True,0.09854027406069177,0.09854027406069177,0.024104872081506176,0.029892244579782457,15
19,40020,0.516940589601468,0.076764550992254,True,True,0.09378919771473848,0.09378919771473848,0.017759142120644448,0.029892244579782457,16
20,40021,0.5061609998547194,0.03204264074243144,True,True,0.09531743228355016,0.09531743228355016,0.027864907691206253,0.029892244579782457,17
21,40022,0.5162936665165835,0.06286848743724371,False,False,0.0,0.0,0.10759195976251326,0.019993168965998454,17
22,40023,0.5480560716779986,0.042746340545740794,True,True,0.09893140799386568,0.09893140799386568,0.02293414963011726,0.029892244579782457,18
23,40024,0.5085954698415525,0.06959905307803244,True,True,0.09984922120136064,0.09984922120136064,0.024882238586141345,0.029892244579782457,19
24,40025,0.5252154555457059,0.04289408327814448,True,True,0.10094645207862407,0.10094645207862407,0.04480958994619198,0.029892244579782457,20
25,40026,0.5099781572531812,0.0716212998819191,True,True,0.10103668270546473,0.10103591173648008,0.04493337225220607,0.029892244579782457,21
26,40027,0.5279781489610179,0.07303142578120983,True,True,0.0999267735927154,0.0999267735927154,0.04456181611423503,0.029892244579782457,22
27,40028,0.543026135470554,0.02324743413897949,True,True,0.09820583365900504,0.09820583365900504,0.043389555021958154,0.029892244579782457,23
28,40029,0.5162055505419814,0.021800703545862436,True,True,0.10076845559477832,0.10076845559477832,0.04561767352286845,0.029892244579782457,24
29,40030,0.5269620206835163,0.060621410870581954,False,False,0.0,0.0,0.10873847231179827,0.019993168965998454,24
30,40031,0.5374137882971076,0.06711615184174309,True,True,0.0996391499632936,0.0996391499632936,0.023188419563005633,0.029892244579782457,25
31,40032,0.5041938264535347,0.037383825896737416,True,True,0.10012474576484709,0.10012474576484709,0.044418636186888176,0.029892244579782457,26
32,40033,0.5321891188537243,0.02376571866254374,True,True,0.09933758977209073,0.09933758977209073,0.0463815679939695,0.029892244579782457,27
33,40034,0.5157759748348021,0.0476355758794657,True,True,0.1003291924103018,0.1003291924103018,0.04319222800219524,0.02989224457979822,28
34,40035,0.5258065331383919,0.06087095045588145,False,False,0.0,0.0,0.1086688232571296,0.019993168965998454,28
35,40036,0.5301711973275535,0.07537444965578524,False,False,1.0973666419999972e-11,1.0973666419999972e-11,0.11283329832649892,0.019993168965998454,28
36,40037,0.49108446583187604,0.02900520843961894,True,True,0.09981203396440352,0.09981203396440352,0.037870557528643774,0.029892244579782457,29
37,40038,0.5372055687775656,0.07813218723451758,True,True,0.09940482464872047,0.09940482464872047,0.022776393322734442,0.029892244579782457,30
38,40039,0.5339074900212329,0.03182789893968429,True,True,0.10027920086847208,0.10008320595973141,0.02400904684609687,0.029892244579782457,31
39,40040,0.537571377874619,0.06518701456187136,True,True,0.09030649293360637,0.09020031181752719,0.04503174363735022,0.029892244579782457,32
40,40041,0.5294474563329575,0.04867045266292767,True,True,0.09861384129359352,0.09747147851403959,0.02427090078525743,0.029892244579782457,33
41,40042,0.5466374636019394,0.024202632264441613,True,True,0.09877574567819947,0.09877574567819947,0.028455168260302494,0.029892244579782457,34
42,40043,0.5315333053232998,0.061744216390550735,False,False,0.0,0.0,0.11512304534476314,0.019993168965998454,34
43,40044,0.5363056460722134,0.05114773499759506,True,True,0.09786546500554594,0.09786546500554594,0.02371594804606591,0.029892244579782457,35
44,40045,0.4944629357590392,0.07229009307579226,True,True,0.09484764448095473,0.09484764448095473,0.018660141336960468,0.029892244579782457,36
45,40046,0.5046045982165958,0.0798704762202769,False,False,6.100802702402319e-05,6.100802702402319e-05,0.09738138902574217,0.019993168965998454,36
46,40047,0.5020114884123146,0.06395011945306485,True,True,0.097453206395538,0.097453206395538,0.0278243412154975,0.029892244579782457,37
47,40048,0.4968936614586419,0.05714700551451862,False,False,1.9657830918617947e-11,1.7763568394002505e-15,0.0940064687315979,0.01999316896600023,37
48,40049,0.5066356764136752,0.047583219270927485,True,True,0.0979376377893002,0.0979376377893002,0.047564712206902934,0.04142520883135181,38
49,40050,0.5491354004105273,0.07626465389598486,False,False,8.881784197001252e-15,8.881784197001252e-15,0.14051062295736144,0.019993168965998454,38
50,40051,0.5353415964899246,0.0567715403961713,False,False,0.0,0.0,0.11322544143193874,0.019993168965998454,38
51,40052,0.504920979936164,0.04670249912346358,True,True,0.09961711731154144,0.09961711731154144,0.02412800625466955,0.029892244579782457,39
52,40053,0.5077725248960718,0.06368567097719625,True,True,0.0938982495592735,0.0938982495592735,0.020192271961398174,0.029892244579782457,40
53,40054,0.5022889610403647,0.02081579491607493,True,True,0.0949237122932789,0.0949237122932789,0.017253576040669533,0.029892244579782457,41
54,40055,0.5417188079373187,0.042189019757288705,True,True,0.09871852842382522,0.09853422444781668,0.024409306400747097,0.029892244579782457,42
55,40056,0.5178693382692172,0.038394632416046584,True,True,0.10073456918918389,0.10073456918918389,0.02400367790598403,0.029892244579782457,43
56,40057,0.542147732275304,0.04029350151652672,True,True,0.09783698673211583,0.09783698673211583,0.041567896094965515,0.029892244579782457,44
57,40058,0.5299729677344521,0.06265591975896687,False,False,0.0,0.0,0.11499645757130979,0.019993168965998454,44
58,40059,0.4989290464806426,0.029409491647490855,True,True,0.09600526738902371,0.09600526738902371,0.03143501987709829,0.029892244579782457,45
59,40060,0.49310110999801343,0.042049411132800196,True,True,0.10144623040988177,0.10144623040988177,0.0368569832394737,0.029892244579782457,46
60,40061,0.5048642886258718,0.04098265850187958,True,True,0.0927646425652795,0.0927646425652795,0.03527513109566438,0.029892244579782457,47
61,40062,0.5328531520659915,0.06473933810764602,True,True,0.09332531279836753,0.09329203299032951,0.04521940745923546,0.029892244579782457,48
62,40063,0.5339572127991031,0.05184811627611513,False,False,0.0,0.0,0.11716073521256469,0.019993168965998454,48
63,40064,0.5266013910888611,0.07971548024058805,False,False,0.0,-0.0010378187550623696,0.10910681674683095,0.019993168965998454,48
64,40065,0.5432624315516252,0.06757767359082603,True,True,0.09692196189912705,0.0968920371961477,0.02509257001941532,0.029892244579782457,49
65,40066,0.5424677748564906,0.027598135416669226,True,True,0.09898453997468826,0.09896281047720912,0.02305798054615496,0.029892244579782457,50
66,40067,0.5436829577542885,0.022580760570231857,True,True,0.09721303361119138,0.09700525241114555,0.023154725458974772,0.029892244579782457,51
67,40068,0.5330559269698882,0.03665797619824248,True,True,0.09758701213426413,0.09754863890158116,0.04362431631323974,0.029892244579782457,52
68,40069,0.5334769780437455,0.05633182902097908,False,False,0.0,0.0,0.1121398088078224,0.019993168965998454,52
69,40070,0.5117583704876029,0.02964589213644913,True,True,0.10069543658135238,0.10069543658135238,0.02382469082877521,0.029892244579782457,53
70,40071,0.5483708732368481,0.07830021677551173,True,True,0.08448918243812686,0.08448918243812686,0.04104118130205138,0.02989223737534119,54
71,40072,0.5353977787215721,0.04713878498659388,True,True,0.10098019684526438,0.10098019684526438,0.025755602419527537,0.029892244579782457,55
72,40073,0.5346322151653861,0.0570240252465624,False,False,0.0,0.0,0.11234239711934936,0.019993168965998454,55
73,40074,0.5191200408770544,0.07236179751596267,True,True,0.10039614117111717,0.10039614117111717,0.025122768846502604,0.029892244579782457,56
74,40075,0.5351293803762265,0.0391307362236822,True,True,0.1018058098483039,0.1018058098483039,0.024509502505578495,0.029892244579782457,57
75,40076,0.5213563002005561,0.029867541051937667,True,True,0.10191714789654349,0.10191714789654349,0.024051425119970677,0.029892244579782457,58
76,40077,0.4927646116374118,0.027001749580749645,True,True,0.09666048932268456,0.09666048932268456,0.01584638732007244,0.029892244579782457,59
77,40078,0.522614529284598,0.04916509162701505,True,True,0.1003098885526219,0.1003098885526219,0.0241296429960486,0.029892244579782457,60
78,40079,0.509348525416645,0.07396652195258041,True,True,0.09364014715788227,0.09364014715788227,0.026577636864382477,0.029892244579782457,61
79,40080,0.4987734859340439,0.065378684978889,True,True,0.09921533053853326,0.09921533053853326,0.04536885157127237,0.029892244579782457,62
80,40081,0.5253824912039979,0.0525666491485869,False,False,0.0,0.0,0.11048218347788803,0.019993168965998454,62
81,40082,0.5168230137965097,0.032760017575403075,True,True,0.09806500615727765,0.09806500615727765,0.046134982890069565,0.02989223465003099,63
82,40083,0.5228913280985874,0.07744577006537058,False,False,9.200201585457535e-06,9.200201585457535e-06,0.13326867388344713,0.019993168965998454,63
83,40084,0.5111844861564588,0.036154915402643276,True,True,0.09977655687934983,0.09977655687934983,0.03399486427246039,0.029892244579782457,64
84,40085,0.5035285255377495,0.04012701266065864,True,True,0.10371496861537977,0.10371496861537977,0.03973864803055184,0.029892244579782457,65
85,40086,0.5486882695424744,0.0474879712567578,True,True,0.09890607550783415,0.09889519248470302,0.02387269424215749,0.029892244579782457,66
86,40087,0.541214345573795,0.06546327547430644,True,True,0.09862055619637933,0.09831512532157505,0.02412508147044535,0.029892244579782457,67
87,40088,0.49557088475118943,0.0574310134967589,False,False,1.669175908602938e-11,1.3322676295501878e-15,0.09351056548069424,0.019993168965999786,67
88,40089,0.5073133609586432,0.03746233060433644,True,True,0.09923354453774857,0.09922858945715562,0.042088631511587406,0.02989224457753603,68
89,40090,0.5340728729550953,0.026430707242344406,True,True,0.10190514914081517,0.10190514914081517,0.04085913770884462,0.029892244579782457,69
90,40091,0.5389294516353038,0.06406400594019178,True,True,0.09867465906188344,0.09867465906188344,0.023974289274556488,0.029892244579782457,70
91,40092,0.5484466295657748,0.034619347118487014,True,True,0.09890838537236424,0.09882717706758926,0.04265082311064658,0.029892244579782457,71
92,40093,0.4933658743835697,0.054726547620926075,False,False,8.881784197001252e-16,8.881784197001252e-16,0.09417763295603516,0.01999316896599934,71
93,40094,0.507188209470624,0.040329532061045545,True,True,0.09929288030210248,0.09929288030210248,0.045682885359152825,0.029892244579782457,72
94,40095,0.5261349190351013,0.025825438912358674,True,True,0.10019179437977566,0.10019088476668658,0.022976164361786518,0.029892244579782457,73
95,40096,0.4932205963188238,0.03462794529411176,True,True,0.09933579878000964,0.09933579878000964,0.016860821243506685,0.029892244579782457,74
96,40097,0.5172344154559314,0.0349837413414702,True,True,0.09765822573701821,0.09765822573701821,0.02478832167729239,0.029892244579782457,75
97,40098,0.5295819947858673,0.07191068537912185,True,True,0.10078397491375246,0.10078397491375246,0.02484917579162945,0.029892244579782457,76
98,40099,0.5236697995745465,0.054273738554316275,False,False,0.0,0.0,0.10776574012323083,0.019993168965998454,76
99,40100,0.492079737666141,0.03241577624053387,True,True,0.09672487620902626,0.09672487620902626,0.016878322885510135,0.029892244579782457,77
100,40101,0.5296039518408737,0.025320291518313956,True,True,0.10114071077119968,0.10114071077119968,0.04197103129537193,0.029892244579782457,78
101,40102,0.5462170746582865,0.03561347476603306,True,True,0.09836790880030089,0.09836790880030089,0.022744162545541975,0.029892244579782457,79
102,40103,0.5221165876882897,0.0540994545968706,False,False,0.0,0.0,0.10703593312127611,0.019993168965998454,79
103,40104,0.4953193238327282,0.06482112192090547,True,True,0.0928335053004039,0.0928335053004039,0.02416648237432123,0.029892244579782457,80
104,40105,0.5476027968693417,0.06483283151049432,False,False,3.794742298168785e-13,3.794742298168785e-13,0.12514703725873777,0.019993168965998454,80
105,40106,0.5020145059158265,0.05738608007405675,False,False,2.4466428882874425e-11,1.9984014443252818e-15,0.095364019109961,0.019993168966000452,80
106,40107,0.5366758495430574,0.033923719155637536,True,True,0.09965275460840117,0.09950181608427289,0.03331849355699108,0.029892244579782457,81
107,40108,0.5304282341442464,0.07398413418050134,True,True,0.10090700056765467,0.10090700056765467,0.04694697630352166,0.029892244579782457,82
108,40109,0.5365035116720362,0.03956378711330592,True,True,0.09958666368893643,0.09949234247079963,0.033053816564181215,0.029892244579782457,83
109,40110,0.5186106187820543,0.026659469268738568,True,True,0.0943273756461056,0.0943273756461056,0.02040731690241752,0.029892244579782457,84
110,40111,0.5110018705334057,0.07761715256377695,False,False,4.52096804437474e-10,4.52096804437474e-10,0.10021755175325656,0.019993168965998454,84
111,40112,0.5413845844165541,0.024834574181635365,True,True,0.09898040279602749,0.09852055613147548,0.04611700830640917,0.029892244579782457,85
112,40113,0.5074983845876806,0.021966417114908078,True,True,0.10219417067510572,0.10219417067510572,0.02634288553896851,0.029892244579782457,86
113,40114,0.5216709718865841,0.06361236511561956,True,True,0.10068890279753617,0.10068890279753617,0.04723997498002996,0.029892244579782457,87
114,40115,0.5392394269421401,0.05988438866549124,False,False,0.0,0.0,0.11388490858933799,0.019993168965998454,87
115,40116,0.5074343064889514,0.07370766008895813,True,True,0.09937561101162995,0.09937561101162995,0.02435595215596723,0.029892244579782457,88
116,40117,0.5464923710754338,0.0768853391965695,False,False,9.969802761133906e-14,9.969802761133906e-14,0.14141118982097645,0.019993168965998454,88
117,40118,0.5088412731362868,0.07549562778527132,False,False,3.8787328904277274e-10,3.8787328904277274e-10,0.10002804046944944,0.019993168965998454,88
118,40119,0.5383358327232554,0.05141155102099622,True,True,0.09903559649287619,0.09888103045386787,0.02417701084169125,0.029892244579782457,89
119,40120,0.5210360730519847,0.05245030206043,False,False,0.0,0.0,0.108027625296215,0.019993168965998454,89
120,40121,0.5228006601480157,0.030639309264574678,True,True,0.10165884009934878,0.10160993010783659,0.04586473552805077,0.029892244579782457,90
121,40122,0.545241416758978,0.0667744018053843,True,True,0.09355127712915134,0.09355127712915134,0.01895020328064214,0.029864855199931428,91
122,40123,0.49966429831678666,0.045515554788363055,True,True,0.10249269027481178,0.10249269027481178,0.044528739596648166,0.029892244579782457,92
123,40124,0.5146341286095844,0.020902688790966444,True,True,0.10071642110700463,0.10070517262493017,0.04096188679251817,0.029892244579782457,93
124,40125,0.5193634570495884,0.07236873276839227,True,True,0.09529767260045774,0.09529767260045774,0.02480001298182935,0.029892244579782457,94
125,40126,0.5413992645935243,0.04228553221087357,True,True,0.09974937233834491,0.09957945347331543,0.02319031923677114,0.029892244579782457,95
126,40127,0.5362166139476786,0.07933410350821991,True,True,0.09863112130983831,0.09849182907140741,0.022644225882710912,0.029892244579782457,96
127,40128,0.5338144257156818,0.032425939002334855,True,True,0.10052463022308045,0.10052463022308045,0.023048357620483625,0.029892244579782457,97
128,40129,0.521998446669496,0.06326875237513327,True,True,0.10005190140896314,0.09958562472529242,0.024224460075061675,0.029892244579782457,98
129,40130,0.5282131519611107,0.022808338881251566,True,True,0.10104265983876859,0.10080862210272623,0.043848421314399956,0.029892244579782457,99
130,40131,0.5167995122422896,0.031118751208425055,True,True,0.09962290970216614,0.09962290970216614,0.024328655842973848,0.029892244579782457,100
131,40132,0.4936471718648319,0.027838044697469515,True,True,0.094033192446493,0.094033192446493,0.02072215488888436,0.029892244579782457,101
132,40133,0.5479049566956153,0.06880793982031216,False,False,0.0,0.0,0.13719383852536093,0.019993168965998454,101
133,40134,0.5424291163560723,0.04433887736370206,True,True,0.09447822119317495,0.09446141415507547,0.04266584125785551,0.029892244579782457,102
134,40135,0.5251632782026485,0.04287396175261385,True,True,0.09920173347868433,0.09917321992873984,0.027047560358545508,0.029892244579772465,103
135,40136,0.5353528416149426,0.02624130161420058,True,True,0.09866093805522702,0.09843501418168787,0.024699043919361098,0.029892244579782457,104
136,40137,0.5229176917960349,0.049491365985765964,True,True,0.09942549208663976,0.09942549208663976,0.04692314816178168,0.029892244579782457,105
137,40138,0.5293241160156956,0.07423128586158148,True,True,0.100726557135002,0.100726557135002,0.046406249855079344,0.029892244579782457,106
138,40139,0.5304948043083443,0.028840842127670338,True,True,0.09985992476102656,0.09985992476102656,0.024244220972924994,0.029892244579782457,107
139,40140,0.5355907873626876,0.0333504888182465,True,True,0.10070631818907749,0.10068861640497606,0.04353223462611095,0.029892244579782457,108
140,40141,0.5361551715197612,0.023191497307910154,True,True,0.10034805035988903,0.10034805035988903,0.023074149746624115,0.029892244579782457,109
141,40142,0.534153580250304,0.05492149924186587,False,False,0.0,0.0,0.11375872690856823,0.019993168965998454,109
142,40143,0.5497090300762811,0.06899654927085883,True,True,0.09820693332163866,0.09820693332163866,0.04309118590530496,0.029892244579782457,110
143,40144,0.5391339509019855,0.07724815392652781,True,True,0.09452670738646574,0.09289623753426968,0.023819655261408584,0.029892244579782457,111
144,40145,0.5232301133841135,0.03553647364827515,True,True,0.1010301594126326,0.1010301594126326,0.043364019921116714,0.029892244579782457,112
145,40146,0.49237567599361926,0.054649073788747865,False,False,0.0,0.0,0.09397699522379621,0.019993168965998454,112
146,40147,0.5085111012519115,0.04900683259881254,True,True,0.10087587532770925,0.10087587532770925,0.0447153823029493,0.02989223732502655,113
147,40148,0.5124562827305944,0.07844957552977803,False,False,6.9632664079222195e-09,6.9632664079222195e-09,0.10141246420460248,0.019993168965998454,113
148,40149,0.5284662678877088,0.04795769185446477,True,True,0.09926886572528626,0.09926886572528626,0.041835069316100294,0.029892244579782457,114
149,40150,0.54048922104503,0.03416587083049403,True,True,0.09677473554525351,0.09402442647153375,0.023339195527427126,0.029892244579782457,115
150,40151,0.5345827243445869,0.06489908442021367,True,True,0.09994347301459183,0.09994347301459183,0.023592313790293966,0.029892244579782457,116
151,40152,0.5417227384048378,0.030657813818239177,True,True,0.0998313778486215,0.0998313778486215,0.023535553892251124,0.029892244579782457,117
152,40153,0.4978315817489335,0.07535954412393481,False,False,1.7020385101318425e-11,1.7020385101318425e-11,0.09636182281572002,0.019993168965998454,117
153,40154,0.4980676009667813,0.048802115780334505,True,True,0.09281053132568107,0.09281053132568107,0.025430476211258015,0.029892244579782457,118
154,40155,0.5336588124422161,0.029776895319236153,True,True,0.09889446225387366,0.09883361361875864,0.02437983203593388,0.029892244579782457,119
155,40156,0.5144723708078807,0.0385830099216659,True,True,0.10018229181983096,0.10016630989512709,0.02577473892112967,0.029892244579782457,120
